smiles,logS,split,predicted_logS,residual
CCc1ccc2c(c1)C(=O)c1ccccc1C2=O,-5.9842424969,test,-6.140633643702068,0.15639114680206756
CC1OC(OC2C(O)CC(OC3C(O)CC(OC4CCC5(C)C(CCC6C5CC(O)C5(C)C(C7=CC(=O)OC7)CCC65O)C4)OC3C)OC2C)CC(O)C1O,-4.16,test,-4.261330278013766,0.1013302780137657
O=C(O)c1ccccc1-c1ccccc1C(=O)O,-2.2839,test,-2.890532806156089,0.6066328061560888
ClC(Cl)=CC(Cl)=C(Cl)Cl,-4.23,test,-2.806749078441143,-1.4232509215588576
COP(=O)(OC)OC,0.5526,test,0.3509669089641773,0.20163309103582266
C=CCc1ccc(O)c(OC)c1,-2.1531779235,test,-2.1414118495939696,-0.01176607390603035
CCC(Cc1ccccc1)(C(=O)c1ccc(N2CCOCC2)cc1)N(C)C,-4.7932278922,test,-4.529194604098597,-0.2640332881014027
CCCC(C)C1(CC)C(=O)NC(=O)NC1=O,-2.39,test,-3.1629176586475714,0.7729176586475712
O=[N+]([O-])[O-].O=[N+]([O-])[O-].[Pb+2],0.1665354510999999,test,-0.4615705610603692,0.6281060121603691
CSSC,-1.4969,test,-2.391811395368694,0.894911395368694
C=COC(=O)CCCCCC(C)(C)C,-4.581332510899999,test,-6.145406957097416,1.5640744461974165
CCC[NH2+]CC,1.0546594571,test,-2.789244021053915,3.843903478153915
CC(C)C(=O)OC(=O)C(C)C,0.5917902317,test,-1.1027321407605308,1.694522372460531
C1CCN2CC3CC(CN4CCCCC34)C2C1,-1.89,test,-2.293483027832718,0.40348302783271817
C1CC2C3CC(C2C1)C1(CCCO1)C3,-5.941561120199999,test,-3.8559744541509953,-2.085586666049004
CC1Cc2ccccc2N1NC(=O)c1ccc(Cl)c(S(N)(=O)=O)c1,-3.79,test,-3.164157271117933,-0.6258427288820672
OCC1OC(O)C(O)C(O)C1O,0.74,test,0.6544916606121138,0.08550833938788616
Clc1ccc(Cl)c(Oc2ccccc2)c1Cl,-5.95,test,-6.4270418512834935,0.4770418512834933
NS(=O)(=O)c1cc2c(cc1Cl)N=CNS2(=O)=O,-2.92,test,-2.3739192841222803,-0.5460807158777197
CCOP(=O)(SC(C)CC)SC(C)CC,-3.0376,test,-2.1598398670660504,-0.8777601329339495
CCC1(CC)C(=O)NC(=O)N(C)C1=O,-2.1,test,-1.8366043385726734,-0.26339566142732673
S=[Zn],-2.9676237394,test,-3.931143263505698,0.9635195241056982
COc1cc(C(=O)O)ccc1C(=O)O,-1.9916,test,-1.8531360471105665,-0.13846395288943358
O=C(O)C(S)CCC(S)C(=O)O,-2.4758,test,-0.6650201159554829,-1.810779884044517
C#CC1(O)CCC2C3CCC4=CC(=O)CCC4C3CCC21C,-4.63,test,-4.890503478101995,0.26050347810199526
O=[N+]([O-])OCC(CO[N+](=O)[O-])O[N+](=O)[O-],-2.1520684654,test,-2.0646534356201145,-0.08741502977988569
CCN(CCC#N)c1ccc(N=Nc2ccc([N+](=O)[O-])cc2)cc1,-7.208650928200001,test,-3.584156576648567,-3.624494351551434
CCOP(=S)(OCC)SCn1nnc2ccccc2c1=O,-4.5171,test,-4.135633953933464,-0.381466046066536
O=C(O)c1c(O)ccc2ccccc12,-3.1284,test,-2.783169518018668,-0.3452304819813321
CCCCC[C@H](CCC)CCCO,-5.1563604082,test,-1.9269584355429503,-3.22940197265705
COc1cc(OC)nc(NC(=O)NS(=O)(=O)c2c(Cl)nc3ccccn23)n1,-4.7886,test,-4.524742407838639,-0.2638575921613606
C[C@H](NC(N)=O)C(=O)[O-],-0.9656,test,-0.8945985309556609,-0.07100146904433913
CCc1ccc2cc3ccccc3cc2c1,-6.8863,test,-6.1889593045895515,-0.6973406954104489
CCSC(=S)NC(C)C(=O)O,-1.2343,test,-1.4647798261534943,0.23047982615349438
O=C(O)C1=CCCc2ccccc21,-2.7939,test,-3.383743162239956,0.5898431622399563
CN(C)c1ccccc1,-1.9220736974,test,-2.8527050154347044,0.9306313180347046
CCNCC,1.1358509819,test,-0.8190974693936701,1.9549484512936701
CCOC1=C([N+](=O)[O-])CN(C(C)C)C1=O,-4.33,test,-2.0552857940930704,-2.2747142059069296
CC(CCO)CCc1ccccc1,-2.6600258381,test,-1.96659589915751,-0.69342993894249
CN1CC2CC1CN2c1cc2c(cc1F)c(=O)c(C(=O)O)cn2C1CC1,-2.9,test,-3.1989711987579406,0.29897119875794065
O=c1[nH]c(=O)n(Cc2ccc(Cl)cc2)cc1F,-3.49,test,-3.4378372721572807,-0.05216272784271947
Clc1cc(Cl)c(Oc2ccc(Cl)c(Cl)c2)c(Cl)c1,-7.62,test,-7.115495340926144,-0.5045046590738558
CCOC(F)(C(F)(F)C(F)(F)C(F)(F)F)C(F)(C(F)(F)F)C(F)(F)F,-7.2887340171,test,-4.536177479551179,-2.7525565375488217
CCCC(CC)(CC)CO,-2.419,test,-0.734673579944694,-1.684326420055306
O=C1NC(=O)C2=C1CCCC2,-1.974517726,test,-1.3291401868503987,-0.6453775391496013
CC(=O)c1cccc(N)c1,-1.28,test,-1.1608033669257005,-0.11919663307429951
CC1CCCCC1C,-4.3,test,-2.6914799504278775,-1.6085200495721224
COc1ccccc1Cl,-2.4639,test,-2.4269539346081883,-0.03694606539181189
CCCCCCNCCCCCC,-3.1574,test,-5.474146053792161,2.316746053792161
O=C(O)c1cccc(C(=O)O)c1O,-2.11,test,-1.5406777429742673,-0.5693222570257326
N#CCCN(CCC#N)C(CC(=O)O)C(=O)O,-1.5337,test,0.4052859653945178,-1.9389859653945178
CC1=C2[C@@H](O)[C@@H]3[C@H](C)C(=O)O[C@@H]3C[C@H](C)[C@H]2CC1=O,-1.945,test,-1.4912030675124521,-0.45379693248754793
Cc1cc(N)ccc1N.O=S(=O)(O)O,-1.641347932,test,-1.7124623772699272,0.07111444526992727
c1c[nH]cn1,0.9683905422,test,0.2235543253917859,0.7448362168082141
Clc1ccc(Oc2c(Cl)cc(Cl)c(Cl)c2Cl)cc1,-7.77,test,-7.7358259079451095,-0.03417409205489008
C=CC(=O)OCCCS(=O)(=O)[O-].[K+],1.1562683245,test,-0.20536417951696295,1.361632504016963
C=CC(=O)OCCC(F)(F)C(F)(F)C(F)(F)C(F)(F)C(F)(F)C(F)(F)C(F)(F)C(F)(F)C(F)(F)C(F)(F)C(F)(F)C(F)(F)F.C=CC(=O)OCCC(F)(F)C(F)(F)C(F)(F)C(F)(F)C(F)(F)C(F)(F)C(F)(F)C(F)(F)C(F)(F)C(F)(F)F.C=CC(=O)OCCC(F)(F)C(F)(F)C(F)(F)C(F)(F)C(F)(F)C(F)(F)C(F)(F)C(F)(F)F.C=CC(=O)OCCC(F)(F)C(F)(F)C(F)(F)C(F)(F)C(F)(F)C(F)(F)F,-6.4814770267,test,-6.636404560552111,0.15492753385211078
O=C1c2ccccc2C(=O)c2c(NCCCOCCOCCO)ccc(NCCCOCCOCCO)c21,0.0571886956,test,-4.518790711497918,4.575979407097917
O=C(COC(=O)c1ccccc1)NC1CCCCC1,-3.9,test,-3.9620856958262864,0.062085695826286535
CCCCCCCCOC(=O)C(C)O,-1.2726,test,-3.339540614192468,2.066940614192468
C#CC(C)N(C)C(=O)Nc1ccc(Cl)cc1,-3.8971,test,-3.01425147692287,-0.8828485230771301
CC(C)N(C(=O)SCC(Cl)=C(Cl)Cl)C(C)C,-4.8818,test,-3.9526795853523202,-0.9291204146476799
CC(=O)OC1C(=O)C2(C)C(O)CC3OCC3(OC(C)=O)C2C(OC(=O)c2ccccc2)C2(O)CC(OC(=O)C(O)C(NC(=O)c3ccccc3)c3ccccc3)C(C)=C1C2(C)C,-6.33,test,-4.572732148688444,-1.757267851311556
CCOC(=O)C1CCn2c(C(=O)c3ccccc3)ccc21,-4.2,test,-3.164674841140404,-1.035325158859596
OC(CCN1CCCCC1)(c1ccccc1)C1CCCCC1,-5.2,test,-3.269139967168813,-1.9308600328311871
CCOC1Oc2ccc(OS(C)(=O)=O)cc2C1(C)C,-3.42,test,-3.546482168820777,0.12648216882077712
NC(Cc1cccs1)C(=O)O,-0.8356,test,-2.116380255294163,1.2807802552941632
CC[C@@H]1CCCCN1,-0.3463,test,-1.3443725540985612,0.9980725540985611
Nc1nc2[nH]cnc2c(=S)[nH]1,-3.31,test,-3.067590828038735,-0.2424091719612651
COC(C)C(C)Cl,-1.9986,test,-1.110193358190466,-0.888406641809534
CN(C1CCCCC1)S(=O)(=O)c1ccccc1NNC1=C2C(=O)C=C(S(=O)(=O)[O-])C=C2C=CC1=N.[Na+],-2.7116859389,test,-2.8302726525932513,0.11858671369325124
[Cd]=[Te],-7.1014793549,test,-4.549226474570985,-2.552252880329015
CNC(=O)Oc1cccc(N=CN(C)C)c1,-2.34,test,-1.185882894516777,-1.1541171054832229
CCCNCCC,-0.461082427,test,-0.7708952031513048,0.30981277615130476
O=C(Nc1ccccc1)n1cc(F)c(=O)[nH]c1=O,-1.6184,test,-2.9891687811104983,1.3707687811104983
C=CCCC(=O)C1=CCCC(C)(C)C1,-3.5342474855000003,test,-2.9067171647559986,-0.6275303207440017
S=C(SSSSSSC(=S)N1CCCCC1)N1CCCCC1,-7.6317322062,test,-4.016778940635589,-3.6149532655644103
CNC(=O)N(C)c1nnc(C(C)(C)CCl)s1,-2.47,test,-2.559053794986223,0.0890537949862229
O=c1[nH]c2ccccc2n1CCCCl,-3.0203942687,test,-3.6058914512753044,0.5854971825753044
CCC1O[C@]2(CCC1C)C[C@@H]1C[C@@H](C/C=C(\C)CC(C)/C=C/C=C3\CO[C@@H]4[C@H](O)C(C)=C[C@@H](C(=O)O1)[C@]34O)O2,-4.8772,test,-5.256070513296285,0.37887051329628463
COc1ccc(CCC(=O)c2c(O)cc(O[C@@H]3O[C@H](CO)[C@@H](O)[C@H](O)[C@H]3O[C@@H]3O[C@@H](C)[C@H](O)[C@@H](O)[C@H]3O)cc2O)cc1O,-3.1851035311,test,-2.9029643905939895,-0.28213914050601074
NC(=O)c1cnc2n1CCc1ccccc1C21CCNCC1,-2.43,test,-1.584498046596856,-0.8455019534031443
CCCCCCCCCc1ccc(O)cc1,-4.4980268403,test,-4.273260041218503,-0.22476679908149677
CCOCCOC(=O)CCCCC(=O)OCCOCC,-2.065,test,-0.9203540492835521,-1.144645950716448
Clc1cc(Cl)c(-c2c(Cl)cc(Cl)c(Cl)c2Cl)c(Cl)c1Cl,-9.1,test,-8.193166718173925,-0.9068332818260743
CN(C)C1C(O)=C(C(N)=O)C(=O)C2(O)C(O)=C3C(=O)c4c(O)cccc4C(C)(O)C3C(O)C12,-3.15,test,-2.7473341045001844,-0.40266589549981546
CC(C)[C@@H](C(=O)O[C@@H](C#N)c1cccc(Oc2ccccc2)c1)c1ccc(Cl)cc1,-8.3221,test,-7.000326451603943,-1.3217735483960578
NC(=O)c1ccccc1,-0.953,test,-1.4117405638904075,0.4587405638904075
CCCCNC(=O)OCC(C)(CCC)COC(N)=O,-2.74,test,-2.5383720549187876,-0.20162794508121262
[Al+3].[O-2].[O-2].[O-2].[Y+3],-4.2145392055,test,-6.791794488853571,2.577255283353571
C[N+](C)(C)CC(O)CCl.[Cl-],0.6474063078,test,1.1047093076435939,-0.4573029998435939
CC(C)(Sc1c(C(C)(C)C)cc(O)cc1C(C)(C)C)Sc1c(C(C)(C)C)cc(O)cc1C(C)(C)C,-8.17,test,-4.08642752332684,-4.08357247667316
COC(=O)c1ccc([O-])cc1.[Na+],0.3803001877,test,-1.1060118930412426,1.4863120807412427
CC(Cl)C(C)Cl,-2.3541,test,-1.7615132285652124,-0.5925867714347874
CCC(O)CN,1.0499,test,1.0104175811681428,0.03948241883185721
CCOCCO,1.0452,test,1.3590736521363556,-0.31387365213635565
CCCCCCCCCCCCS[Sn](CCCC)(CCCC)SCCCCCCCCCCCC,-6.295424349,test,-6.34324820083743,0.0478238518374301
O=[N+]([O-])c1cc([N+](=O)[O-])c(-c2ccccc2)cc1O,-4.4611,test,-3.7697418310641297,-0.6913581689358703
O=C(c1ccccc1)c1ccc(O)c(O)c1O,-3.3451078238,test,-4.2039545376854,0.8588467138853999
CC(CCl)OP(=O)(OC(C)CCl)OC(C)CCl,-2.4361,test,-1.6429926911002917,-0.7931073088997085
O=C1CN=C(c2ccccc2)c2cc([N+](=O)[O-])ccc2N1,-3.8,test,-3.919002729949258,0.11900272994925798
Nc1ccc2c(c1)C(=O)c1ccccc1C2=O,-6.1366,test,-5.221972429048068,-0.9146275709519314
CC(=O)N(c1onc(C)c1C)S(=O)c1ccc(N)cc1,-3.59,test,-2.647083855677271,-0.9429161443227287
CC(C)(C)c1ccc(CCOc2ncnc3ccccc23)cc1,-6.1439,test,-4.819613935805941,-1.3242860641940597
CC(Oc1ccc(Oc2cnc3cc(Cl)ccc3n2)cc1)C(=O)O,-6.0604,test,-4.558111299434742,-1.5022887005652574
CCCCCCCC/C=C\CCCCCCCCCCCC(N)=O,-6.5283921465,test,-6.003768231100258,-0.5246239153997418
C1=CCC=CC1,-2.0587,test,-2.1324925793198,0.07379257931980021
Clc1cc2ccccc2cc1Cl,-5.36,test,-5.06287715252724,-0.2971228474727603
CN1C(=O)[C@]23CC4=CC=C[C@H](O)[C@H]4N2C(=O)[C@@]1(CO)SS3,-3.6687,test,-3.4717277044036883,-0.19697229559631158
O=C(O)c1cc(Br)co1,-1.1841,test,-1.899961719433911,0.715861719433911
CC(C)(C)NC(=O)C1N(C(=O)C(O)C(Cc2ccccc2)NC(=O)Cc2ccccc2)CSC1(C)C,-3.72,test,-3.165342348340862,-0.5546576516591384
N#Cc1ccc(C=Cc2ccc(C=Cc3cccc(C#N)c3)cc2)cc1,-8.123728845599999,test,-4.132879598582161,-3.990849247017838
[Co],-5.1171460358,test,-3.4884985637597,-1.6286474720403001
C=COC1CCCCC1,-2.5825419737,test,-1.9362928214591304,-0.6462491522408698
OCc1c(Cl)c(Cl)c(Cl)c(Cl)c1Cl,-5.1467,test,-4.200414222450331,-0.9462857775496687
CC1(C)CC(N=C=O)CC(C)(CN=C=O)C1,-4.1708247593,test,-0.31754982613686095,-3.8532749331631395
CC(C)C(C(=O)OC(C#N)c1cccc(Oc2ccc(Br)cc2)c1)c1ccc(OC(F)F)cc1,-8.1731,test,-6.352858572967614,-1.8202414270323857
CC1(C)C(C=C(Cl)Cl)C1C(=O)OC(C#N)c1ccc(F)c(Oc2ccccc2)c1,-7.3370000000000015,test,-7.650296841759729,0.31329684175972705
CCCCCCCCSC(=O)Oc1cc(Cl)nnc1-c1ccccc1,-5.4025,test,-6.484417335246689,1.0819173352466889
O=C(OOC(=O)c1ccccc1)c1ccccc1,-4.4252,test,-4.0494952253693715,-0.3757047746306288
CCCCC(CC)CNC(=O)CCCCCC(C)C,-5.731545252999999,test,-5.516749824614331,-0.2147954283856679
FC(F)(Cl)CCl,-2.2007,test,-2.0673038142069626,-0.13339618579303725
Nc1ccccc1C(=O)OCC=Cc1ccccc1,-6.04,test,-3.5198600815911054,-2.5201399184088946
CCCCCCCCCCCCCCCCCCCN,-5.8571242399,test,-2.346435779233761,-3.510688460666239
Nc1ccc(S(=O)(=O)Nc2ccnn2-c2ccccc2)cc1,-2.3213,test,-1.6573809442882355,-0.6639190557117645
C=CCCCCCCCCC(=O)O,-3.5528261452,test,-2.7508313177798547,-0.8019948274201454
O=C(OCn1ncc2c(=O)[nH]cnc21)c1ccccc1,-4.05,test,-3.8270260243105634,-0.22297397568943644
Nc1ccn(C2OC(COP(=O)(O)O)C(O)C2O)c(=O)n1,-1.1987753523,test,-1.7532896012287453,0.5545142489287453
COC1CC1,-0.1176,test,-1.9280387487563317,1.8104387487563318
COP(=S)(OC)Oc1nc(Cl)c(Cl)cc1Cl,-4.831,test,-4.766187675003701,-0.06481232499629908
NNC(=O)CCCCC(=O)NN,-0.2324579511,test,-0.4382607296305871,0.2058027785305871
NNc1nncc2ccccc12,-2.6,test,-1.5146469860123584,-1.0853530139876417
CC(=O)OCC(=O)[C@@]1(O)CC[C@H]2[C@@H]3CCC4=CC(=O)CC[C@]4(C)[C@H]3C(=O)C[C@@]21C,-4.3037,test,-4.258306186361123,-0.045393813638876956
O=C1NC(c2ccccc2)(c2ccccc2)C(=O)N1COP(=O)(O)O,-0.43,test,-3.7030151450147923,3.273015145014792
COc1ccc2c(c1)C13CCCCC1C(C2)N(C)CC3,-3.48,test,-3.62149443561343,0.14149443561343
O=[N+]([O-])c1cccc(Br)c1,-1.3054,test,-2.97536320498005,1.6699632049800501
CCOC(=O)CCCCCCCCC(=O)OCC,-3.5091,test,-2.65606612552053,-0.8530338744794701
CCC(=O)OCCC(C)C,-2.8700736410000003,test,-2.7517546460280973,-0.11831899497190301
COc1ccc([N+](=O)[O-])c2ccccc12,-4.36,test,-3.2547226882410505,-1.1052773117589498
C=CC(=O)OCCOc1ccccc1,-2.5636257131,test,-2.79623277970768,0.23260706660768005
COC1C(O)[C@@H](O[C@H]2CC[C@]3(C=O)C4CC[C@]5(C)[C@@H](C6=CC(=O)OC6)CC[C@]5(O)C4CC[C@@H]3C2)OC(C)[C@H]1O,-3.1373,test,-3.5661681979260207,0.4288681979260205
CCCCCCCCCCCCOC(=O)C(C)O,-4.6341446203,test,-3.339540614192468,-1.294604006107532
OCC(O)C(O)C(OC1OC(CO)C(O)C(O)C1O)C(O)CO,0.2872,test,0.7749137730621674,-0.48771377306216734
O=C1CCc2cccc3c2N1CC3,-1.6365,test,-1.3575433941873711,-0.27895660581262893
CSc1cc(O)cc(O)c1,-1.7957,test,-2.367324256461617,0.5716242564616167
CC(O)CCC1CCCCC1,-2.7673615716000004,test,-1.8169177217593984,-0.950443849840602
Cc1cc(C)c(S(=O)(=O)[O-])c(C)c1Nc1ccc(Nc2c(C)cc(C)c(S(=O)(=O)[O-])c2C)c2c1C(=O)c1ccccc1C2=O.[Na+].[Na+],-1.7922611704,test,-1.4409595292478796,-0.35130164115212037
OCc1cccc(Oc2ccccc2)c1,-2.8258731416,test,-3.268367615200509,0.442494473600509
O=C(O)Cc1cc(O)ccc1O,0.7037,test,-1.0806518180492417,1.7843518180492417
NCCS(=O)(=O)O,-0.1906,test,-0.5814003394503436,0.39080033945034365
CN(C)CC[C@@H](c1ccc(Cl)cc1)c1ccccn1,-2.67,test,-3.1226882874839346,0.45268828748393464
COP(=S)(OC)SSP(=S)(OC)OC,-4.3981,test,-2.068224390557945,-2.3298756094420554
O=P([O-])([O-])[O-].[Li+].[Li+].[Li+],-2.5909258566,test,-0.5416752210612075,-2.049250635538793
O=P(Oc1ccccc1)(Oc1ccccc1)Oc1ccccc1,-5.66,test,-5.632623035039449,-0.027376964960550865
Clc1ccc(C2(Cn3cncn3)CC(Br)CO2)c(Cl)c1,-3.8775,test,-5.672117017490966,1.7946170174909661
CC12CCC(=O)C=C1CCC1C2CCC2(C)C(OC(=O)CCCc3ccccc3)CCC12,-5.43,test,-5.2623286394452,-0.1676713605547997
O=C(O)CC(=O)c1ccccc1[N+](=O)[O-],-1.8434,test,-1.5170945101746187,-0.3263054898253812
O=[N+]([O-])c1ccc(F)cc1O,-2.05,test,-2.103675397277539,0.053675397277539005
COC(=O)C1(S(=O)(=O)c2ccc(C)cc2)CC1,-2.8803,test,-2.6485511231982097,-0.23174887680179035
O=C(O)CNc1c([N+](=O)[O-])cc([N+](=O)[O-])cc1[N+](=O)[O-],-2.3922,test,-2.1855762592302175,-0.2066237407697824
CC(=O)Oc1c([N+](=O)[O-])cc([N+](=O)[O-])c(C)c1C(C)(C)C,-4.4717,test,-4.333354969419538,-0.13834503058046188
Cc1ccc(N/N=C2\C(=O)C(C(=O)[O-])=Cc3ccccc32)c(S(=O)(=O)[O-])c1.[Ca+2],-5.5486422223,test,-4.858211433475566,-0.6904307888244334
O=C(NCO)c1ccccc1,-0.52,test,-1.3651996416789618,0.8451996416789618
CC(C)CCCCCCCCCCCCCCC(=O)OCC(COC(=O)CCCCCCCCCCCCCCC(C)C)OC(=O)CCCCCCCCCCCCCCC(C)C,-8.4587601408,test,-6.938270548935456,-1.5204895918645445
CCCC(=O)n1c(=O)[nH]cc(F)c1=O,-1.28,test,-1.8332755728829029,0.5532755728829029
CC(=O)c1cccc(Nc2ccccc2C(=O)O)c1,-4.86,test,-4.471278139669118,-0.3887218603308824
Clc1cccc(-c2c(Cl)cccc2Cl)c1Cl,-6.3,test,-7.06043641978408,0.7604364197840798
CC(=O)Oc1ccc(/C=N/NC(N)=O)cc1,-2.84,test,-3.558795938433085,0.7187959384330851
CC1(C)C2CC=C(CCC=O)C1C2,-3.4657606101,test,-3.4576341944739806,-0.008126415626019234
C#CC1(OC(=O)c2ccc(Oc3ccccc3)cc2)CCC2C3CCC4=CC(=O)CCC4C3CCC21C,-6.84,test,-8.930293034571665,2.0902930345716655
O=C(c1ccccc1)n1ncc2c(=O)[nH]cnc21,-4.23,test,-3.989195259079368,-0.24080474092063264
CC(=O)[O-].[Cr],0.6534905512,test,-0.10230829087040022,0.7557988420704003
C=CCCBr,-2.2473,test,-2.193382644381923,-0.05391735561807698
CCn1cc(C(=O)O)c(=O)c2cc(F)c(N3CCN(C)CC3)cc21,-1.47,test,-2.360591446266569,0.8905914462665689
Clc1cc(Cl)c(-c2ccccc2)cc1Cl,-6.27,test,-6.31887407082546,0.04887407082546069
OCc1ccc(CO)cc1,-0.3861,test,-0.8760877439998529,0.4899877439998529
NC(=O)[O-].O.[NH4+],0.7115939977,test,0.8558002712509228,-0.14420627355092286
Clc1c(Cl)c(Cl)c(Oc2c(Cl)c(Cl)c(Cl)c(Cl)c2Cl)c(Cl)c1Cl,-12.95,test,-9.2220419943265,-3.7279580056735
CCCCCC(C)O,-1.5507,test,-0.6672613753361181,-0.8834386246638819
CC(C)(C)CC(C)(C)c1ccc(Nc2ccc(C(C)(C)CC(C)(C)C)cc2)cc1,-6.5951201849,test,-5.983753440043469,-0.6113667448565305
CC1(C)CCC2OC23C(C)(C)C2CCC13C2,-4.6529288002,test,-3.134452936706138,-1.5184758634938618
NS(=O)(=O)c1cccc(S(N)(=O)=O)c1,-2.1693,test,-2.1631223729416513,-0.006177627058348456
O=C(O)CCSCCC(=O)O,-0.7991431977,test,-1.1626772730235688,0.36353407532356885
Nc1ccc(Cc2ccc(N)c(Cl)c2)cc1Cl,-4.2868907228,test,-3.8128196677515818,-0.4740710550484182
C,-2.8629,test,-4.206574966272099,1.3436749662720988
NC(Cc1ccc(O)cc1)C(=O)NCC(=O)O,-1.1,test,-1.4302463573182354,0.33024635731823526
CCN(CCOC(C)OCC(C)C)c1ccc(N=Nc2ccccc2)cc1,-7.0905037661,test,-5.180534437695067,-1.9099693284049337
CCCCC(C)(C)C,-5.7568,test,-4.773112106656285,-0.9836878933437152
N#C/C=C/c1ccccc1,-2.0829703418000003,test,-3.939117689271106,1.8561473474711057
O=C(CCCCl)c1ccc(F)cc1,-2.7226339225,test,-2.9497044996841697,0.22707057718416968
CC(C)(c1ccc(OCC2CO2)cc1)c1ccc(OCC2CO2)cc1,-4.7996200318,test,-5.094429359139079,0.2948093273390793
CCC1(c2ccccc2)CCC(=O)N(CO)C1=O,-1.66,test,-2.600603149290839,0.9406031492908389
CCCCCCCCCCCCCCCC(=O)OCCCC.CCCCCCCCCCCCCCCCCC(=O)OCCCC,-7.116029628200001,test,-6.1379945835046055,-0.9780350446953952
COC(=O)c1nccnc1N,-1.6422660516999998,test,-1.4238167353393287,-0.2184493163606711
Cc1ccc2[nH]c3cc4c(=O)c5cc(C)ccc5[nH]c4cc3c(=O)c2c1,-7.7837785588,test,-5.604718700602669,-2.1790598581973306
O=C1NCC(=O)N(CC(O)C(O)C(O)CO)c2ccccc21,-1.46,test,-3.1558340508075453,1.6958340508075453
O=C(O)COc1ccccc1,-1.1031,test,-1.9873978735984272,0.8842978735984273
COc1ccc(S(=O)(=O)c2coc(S(N)(=O)=O)c2)cc1,-3.02,test,-2.9059792664528574,-0.1140207335471426
CC1(C)SC2C(NC(=O)C(N)c3ccc(O)cc3)C(=O)N2C1C(=O)O,-2.17,test,-1.695212378270431,-0.474787621729569
CCOC(=O)c1nn(-c2ccc(OC)cc2)c2c1CCN(c1ccc(N3CCCCC3=O)cc1)C2=O,-4.6282058436,test,-2.6847931788262906,-1.9434126647737093
CCCCCCCCCCCCCC(=O)OC(C)C,-6.733128222,test,-6.280791329019182,-0.45233689298081803
CC(=O)Nc1cc(N(CCOC(C)=O)CCOC(C)=O)ccc1N=Nc1ccc([N+](=O)[O-])cc1Cl,-6.9637148665999975,test,-6.591481446476387,-0.37223342012361016
O=C1C2CC=CCC2C(=O)N1SC(Cl)(Cl)C(Cl)Cl,-5.3968,test,-4.555437959071573,-0.841362040928427
CC(=O)c1cccc2ccccc12,-2.8846346488,test,-3.298377614129722,0.413742965329722
Clc1ccc(-c2ccccc2)cc1,-5.2,test,-5.4355523471882154,0.23555234718821527
c1ccc2c3c(ccc2c1)Sc1ccc2ccccc2c1N3,-7.9081,test,-6.390214928783166,-1.517885071216834
O=P([O-])([O-])F.[Na+].[Na+],0.6844005874,test,-0.2934132857097818,0.9778138731097819
C[C@]12CC[C@H]3[C@@H](CC[C@H]4C[C@@H](O)CC[C@@]43C)[C@@H]1CCC2=O,-4.1577,test,-4.694368657850778,0.536668657850778
CCCC(O)CCC,-1.3931,test,-1.7403714133418644,0.3472714133418644
CC12CCC(=O)C=C1CCC1C2C(O)CC2(C=O)C(C(=O)CO)CCC12,-3.85,test,-3.1706173107873825,-0.6793826892126176
CCCCCCOCCOCCO,-1.0490000000000002,test,-2.4682050364834316,1.4192050364834314
O=C(OCCc1ccccc1)c1ccccc1O,-4.4891053349000005,test,-3.9366741571376234,-0.5524311777623772
CCCCC(CC)CN(CCC(=O)[O-])CCC(=O)O.[Na+],0.4104692649,test,-1.5452662862161475,1.9557355511161476
CC(O)(CCC(C)(O)C(=O)O)C(=O)O,-0.8372,test,-0.4563247314140598,-0.38087526858594023
CC(C)c1nn(C(=O)NC(C)(C)C)c(=O)n1N,-1.7188473974,test,-3.2748901408688496,1.5560427434688495
O=c1[nH]c2nc[nH]c(=O)c2[nH]1,-2.96,test,-3.2156480136702164,0.2556480136702164
COc1ccc(O)cc1,-0.4919,test,-1.6025108729745747,1.1106108729745747
C=O.ClCC1CO1.Oc1ccccc1,-4.0347567611,test,-0.8518622969004941,-3.1828944641995056
O=C(O)/C=C\C(=O)OCCOCCOCCOC(=O)/C=C\C(=O)O,0.1595325622,test,-2.0088465316393327,2.1683790938393326
CN(C)Cc1c[nH]c2ccc(Br)cc12,-4.06,test,-3.255798464071273,-0.8042015359287267
CCc1cc(CC)cc(CC)c1,-7.0641,test,-3.4089580015897414,-3.6551419984102584
COc1ccc(-c2cc(=O)c3c(O)cc(O[C@@H]4O[C@H](CO[C@@H]5O[C@@H](C)[C@H](O)[C@@H](O)[C@H]5O)[C@@H](O)[C@H](O)[C@H]4O)cc3o2)cc1O,-7.5055419522000015,test,-3.8181762620996795,-3.687365690100322
CCC(Cc1c(I)cc(I)c(N)c1I)C(=O)O,-4.58,test,-4.219969201871241,-0.3600307981287587
CCN1C(=O)C(C#N)=C(C)/C(=N\Nc2ccc(Cl)cc2[N+](=O)[O-])C1=O,-4.96733793,test,-6.667944135660029,1.700606205660029
O=[Si]([O-])[O-].[Pb+2],-6.6197116003,test,-4.687153393548922,-1.9325582067510778
O=C(O)CCc1nc(-c2ccccc2)c(-c2ccccc2)o1,-2.24,test,-3.206432407328432,0.9664324073284316
CCCCC(NC(C)=O)C(=O)O,-0.6823,test,-1.2546317766429107,0.5723317766429107
O=C1OCc2ccc(Br)cc21,-2.6472,test,-2.7799627673730134,0.13276276737301318
Cc1ccc([N+](=O)[O-])cc1Cl,-3.5442781768,test,-3.554811060029049,0.010532883229048995
CN1C(=O)COc2ccccc21,-2.1445,test,-3.0404844497740022,0.8959844497740024
OC/C=C\CO,0.8466851642000001,test,0.3259357298172602,0.5207494343827399
CC(=O)OC(C)(C)C,-1.1443,test,-1.0776821026674102,-0.06661789733258994
Clc1ccc(-c2ccccc2)c(Cl)c1Cl,-6.1799,test,-6.476932201128679,0.2970322011286788
CCN(O)CC,0.7036319098,test,-0.9166737762248294,1.6203056860248295
CCC(C)C1NC(=O)C(Cc2c[nH]c3ccccc23)NC(=O)C2CCCN2C(=O)C(Cc2c[nH]cn2)NC(=O)C2CCCCN2C(=O)C2CCCCN2C1=O,-2.58,test,-3.4155027780496883,0.8355027780496882
COCC[Hg+].[Cl-],-0.7709999999999999,test,0.19409145554231477,-0.9650914555423147
CC1(C)OC(=O)c2cc3ccccc3cc21,-2.9844,test,-3.7763482209757697,0.7919482209757698
O=C1NCCN1,0.8402733738,test,-0.06349626699951677,0.9037696407995168
CCOC(=O)COc1ccc(Cl)cc1Cl,-3.3503,test,-4.225029210848637,0.8747292108486375
CCCCCCCCC(C(=O)O)C(=O)O,-2.92,test,-2.70318679590087,-0.21681320409912974
CNCC(O)C(O)C(O)C(O)CO,0.4084,test,0.34747099887093674,0.06092900112906324
CCc1nn(C)c(C(=O)NCc2ccc(C(C)(C)C)cc2)c1Cl,-5.1086,test,-3.118573329784861,-1.9900266702151392
NS(=O)(=O)c1cc(C(=O)c2cccc(CN3CCOCC3)c2)cs1,-1.92,test,-1.7352140547917143,-0.18478594520828562
NC(=O)C[C@H](NC(N)=O)C(=O)O,-0.511,test,-0.8488906996034711,0.33789069960347107
CCC1COC(Cn2cncn2)(c2ccc(Cl)cc2Cl)O1,-3.613,test,-4.486524254462781,0.8735242544627808
O=C(Cc1ccccc1)c1ccc(O)cc1,-1.5008,test,-2.9895448691249844,1.4887448691249845
C#CC(C)(CC)OC(N)=O,-0.9456,test,-1.5169566570681774,0.5713566570681774
CC(=O)Nc1ccc(NNC2=C3C(=O)C=C(S(=O)(=O)[O-])C=C3C=CC2=N)c(C(F)(F)F)c1.[Na+],-1.3288181975,test,-2.4037268237943152,1.0749086262943153
CC(C)CC(N)C(=O)NC(Cc1ccc(O)cc1)C(=O)O,-1.58,test,-2.412861397822211,0.832861397822211
CC(=O)CC(=O)O,0.991,test,0.09517801746737661,0.8958219825326234
NS(=O)(=O)c1ccc(SCCCCO)cc1,-2.5141,test,-2.236281622173253,-0.2778183778267471
CC(=O)O[C@H]1C[C@@H](C)CC[C@@H]1C(C)C,-4.0668869332,test,-3.6450486316399453,-0.42183830156005486
C=CC(OC(C)=O)OC(C)=O,-1.2449,test,-0.9887584249364401,-0.25614157506355983
C=CCC(C)C,-3.2439,test,-2.998719602907516,-0.24518039709248418
NCCNCCNCCN,0.835,test,0.47108194130510145,0.3639180586948985
Oc1ccc(Cl)c(Cl)c1Cl,-2.67,test,-2.745534520011099,0.07553452001109928
ICCI,-3.2196,test,-2.9413498849581057,-0.2782501150418941
[Cl-].[Na+],0.7343267611,test,0.514609366047637,0.21971739505236298
Nc1ccc(S(=O)(=O)Nc2ncc(C(=O)O)s2)cc1,-2.8741,test,-2.118624243418333,-0.7554757565816668
CCC(O)COC1CCCCC1C(C)(C)C,-3.698734262,test,-3.156150590892707,-0.5425836711072929
NS(=O)(=O)c1ccc(S(N)(=O)=O)cc1,-2.5283,test,-1.7088249738148629,-0.8194750261851373
CC(C)(O)c1cccc(C(C)(C)O)c1,-1.8635330455,test,-3.578848599053269,1.715315553553269
CCCCOC(=O)C(C)c1ccc2cc(OC)ccc2c1,-7.53,test,-5.6300390763609665,-1.8999609236390338
Cn1c(N)c(NC=O)c(=O)n(C)c1=O,-1.1831208545999998,test,-0.7811164484138216,-0.4020044061861783
CC(C)=NNC(N)=O,-0.2674,test,-1.0281081101981617,0.7607081101981616
CC1=NN(c2ccc(C)cc2)C(=O)C1N=Nc1ccc(-c2ccc(N=NC3C(=O)N(c4ccc(C)cc4)N=C3C)c(Cl)c2)cc1Cl,-8.2698850372,test,-7.850863776234885,-0.41902126096511516
CN(C)C(=O)CCOC(=O)c1ccccc1,-1.0994,test,-1.2090726309178539,0.10967263091785395
CC(=O)OC1CC2CCC1(C)C2(C)C,-3.93,test,-3.5940993646430646,-0.3359006353569356
CCCCCC(=O)O,-1.0522193787,test,-1.6790519051841708,0.6268325264841708
CCN(CC)c1ccc([C+](c2ccc(N(CC)Cc3cccc(S(=O)(=O)[O-])c3)cc2)c2ccc(N(CC)Cc3cccc(S(=O)(=O)[O-])c3)cc2)c(C)c1.[Na+],-0.6229779303,test,-0.34937222334504,-0.27360570695496006
CCCCCCCC/C=C\CCCCCCCC(=O)[O-].[Li+],-6.7972389302,test,-7.5663925367110565,0.7691536065110567
O=c1[nH]c2ccccc2[nH]c1=O,-2.812,test,-2.4050858066905043,-0.4069141933094955
CCC(C)NCc1cccc(S(=O)(=O)c2csc(S(N)(=O)=O)c2)c1,-1.33,test,-2.5194133378528165,1.1894133378528164
CC1NC(=O)C(C)NC1=O,-0.75,test,-0.8991527227829645,0.14915272278296454
Ic1ccccc1I,-4.217,test,-3.6449200388069847,-0.572079961193015
O=P([O-])([O-])[O-].[Cr+3],0.4859956397,test,-2.6739491246450497,3.15994476434505
Cc1cc(C)cc(O)c1,-1.3879839049,test,-1.952235249299139,0.564251344399139
Clc1ccc(-c2cccc(Cl)c2)cc1,-6.4001,test,-5.740110279618456,-0.6599897203815441
Cc1c2ccccc2c(C)c2ccccc12,-6.5663,test,-4.068538543660692,-2.4977614563393082
C1CNCCN1.O=C(O)CCCCC(=O)O,-0.6232866861,test,-0.6698443394035924,0.046557653303592406
CC(=O)Oc1ccccc1,-1.3735951622999998,test,-2.031133170945739,0.6575380086457392
NC(=CC(=O)[C@@H](Cc1ccccc1)N(Cc1ccccc1)Cc1ccccc1)Cc1ccccc1,-7.6633437338,test,-1.805147054036998,-5.858196679763002
CCN1c2ncccc2C(=O)N(C)c2ccc(Cl)nc21,-4.114,test,-3.6068173275397166,-0.5071826724602833
NNc1ccc(Cl)cc1.[Cl-].[H+],-1.5636654662,test,-1.1108497410835414,-0.4528157251164586
O=C([O-])C(O)C(O)C(=O)[O-].[Na+].[Na+],0.4110563572999999,test,-0.07208400375151514,0.48314036105151503
CCCCOCCOCCOCCO,0.6855,test,-0.0048853080462088385,0.6903853080462088
COP(=S)(NC(C)C)Oc1ccc(Cl)cc1Cl,-4.7982,test,-6.605036692264356,1.8068366922643566
CC1=NN(c2ccc(S(=O)(=O)[O-])cc2)C(=O)C1N=Nc1ccccc1C(=O)[O-].[Na+].[Na+],-1.491314993,test,-2.2801751836868673,0.7888601906868673
Cc1ccncc1,1.0309,test,-0.7169102368002203,1.7478102368002202
O=[N+]([O-])c1cccc(O)c1,-1.07,test,-1.3799101624975971,0.30991016249759706
CCCCCCCCC/C=C/CC1CC(=O)OC1=O,-4.4255032449,test,-6.109862651179915,1.6843594062799152
CC(CCO)CC(C)(C)C,-2.5570799155,test,-1.7121503705607954,-0.8449295449392047
O=Cc1ccc2c(c1)OCO2,-1.6324,test,-2.1674974449691544,0.5350974449691543
CCCCCCCCCCNC(=O)c1cccnc1,-3.0765,test,-2.8385699709317302,-0.23793002906826954
C#Cc1ccccc1,-2.3502,test,-2.336936216370936,-0.013263783629064108
CC=CCC1(CC=CC)C(=O)NC(=O)NC1=O,-2.2,test,-1.8215515122430754,-0.37844848775692475
CCCCC(CC)COC(=O)CSCC(=O)OCC(CC)CCCC,-6.654998170599999,test,-5.479371672725411,-1.175626497874588
CC=Cc1ccc(O)c(O)c1,-1.3505,test,-1.8482082857524256,0.49770828575242554
O=C1CCC(C(=O)[O-])N1.O=C1CCC(C(=O)[O-])N1.[Zn+2],-0.5341935881000001,test,0.2531621055580508,-0.7873556936580508
COc1ccc(Cl)cc1C(=O)NCCc1ccc(S(=O)(=O)NC(=O)NC2CCCCC2)cc1,-5.0917,test,-4.703579311404932,-0.38812068859506876
O=C1C(O)=C(O)OC1C(O)CO,0.2769999999999999,test,-0.48627406820282343,0.7632740682028234
CCCCC(C#N)(Cn1cncn1)c1ccc(Cl)cc1,-3.31,test,-4.061885231279375,0.7518852312793753
C[C@H]1CCCC[C@H]1C,-4.2719,test,-2.6914799504278775,-1.5804200495721221
CCCCNCc1ccc(C(=O)c2csc(S(N)(=O)=O)c2)cc1,-2.21,test,-2.324340095754688,0.11434009575468806
[F-].[Na+],-0.0021872624,test,-0.5404515889071744,0.5382643265071744
O=C(O)c1c2ccccc2cc2ccccc12,-3.4174,test,-3.965118633034669,0.5477186330346688
CCCCC1C(=O)N(c2ccccc2)N(c2ccccc2)C1=O,-3.8124,test,-4.337719153999581,0.5253191539995812
c1coc(CNc2ncnc3[nH]cnc23)c1,-3.95,test,-1.1498820208939253,-2.8001179791060746
Cc1cc(C)c(Nc2ccc(Nc3c(C)cc(C)cc3C)c3c2C(=O)c2ccccc2C3=O)c(C)c1,-7.8250730454,test,-6.993802339725262,-0.8312707056747382
FC(F)(F)N=C1SC(=Nc2ccccc2)N(c2ccccc2)C1=NC(F)(F)F,-5.42,test,-5.8661772697719625,0.4461772697719626
CN(C)CCCN,0.9906298514,test,1.2423038883968938,-0.2516740369968937
CC(C)CC1NC(=O)CNC1=O,-1.25,test,-0.6406730243397174,-0.6093269756602826
CCC(CO)(CO)CO.CCCCCC(=O)O.CCCCCCCC(=O)O.CCCCCCCCCC(=O)O.O=C(O)CCCCC(=O)O,-5.8530645557000005,test,-6.888647145629792,1.035582589929792
CCOC(=O)[C@H](Cc1ccccc1)NC(C)=O,-1.7557,test,-1.9910704721335832,0.2353704721335832
CCC(O)C(C)C,-0.7062,test,-0.5231000281541727,-0.18309997184582738
CCCCCCCC/C=C\CCCCCCCC(=O)N(CCCC)CCCC,-4.788985440799999,test,-6.164875889845778,1.3758904490457784
O=C(O)c1ccc(C(=O)O)nc1,-2.1296,test,-1.8044917401094556,-0.32510825989054437
Nc1nc(-c2ccc3ccccc3c2)cs1,-4.849542252,test,-3.8992071145158045,-0.9503351374841955
CCOC(=S)SC(CC(=O)O)C(=O)O,-1.19,test,-0.9910739202004665,-0.19892607979953347
COCC(NC(C)=O)C(=O)NCc1ccccc1,-3.3984573794,test,-1.3224323914572524,-2.0760249879427475
Cn1c(=O)ccc2ccccc21,-1.0466,test,-2.0783458315893486,1.0317458315893486
CC(C)C1=CC2=CC[C@H]3[C@](C)(C(=O)O)CCC[C@]3(C)[C@H]2CC1,-3.7959,test,-3.9202930821270985,0.12439308212709843
CCCC(O)C(C)CC,-1.8406,test,-1.0020393309329543,-0.8385606690670457
CCCCCCCCCCCCN(C)C,-4.4261227438,test,-5.287880400040048,0.861757656240048
CCCCC(=O)OCN1C(=O)NC(c2ccccc2)(c2ccccc2)C1=O,-4.68,test,-5.212025516127189,0.532025516127189
O=S(=O)([O-])c1cc(Nc2nc(Nc3ccccc3)nc(N(CCO)CCO)n2)ccc1/C=C/c1ccc(Nc2nc(Nc3ccccc3)nc(N(CCO)CCO)n2)cc1S(=O)(=O)[O-].[K].[K].[Na+].[Na+],-1.8879601369,test,-1.4645275729397906,-0.42343256396020945
NS(=O)(=O)c1ccc(SCCCO)cc1,-2.2472,test,-2.423878183750514,0.17667818375051425
COc1cc(NS(=O)(=O)c2ccccc2)c2c(c1N)C(=O)c1ccccc1C2=O,-2.3558504459000003,test,-5.502935307274743,3.147084861374743
O=C(O)C[C@@H](Cl)C(=O)O,-0.7953,test,0.04905666553682838,-0.8443566655368284
Cc1ccc(S(=O)(=O)NC(=O)NC2CCCCC2)cc1,-4.207,test,-3.8942661504674185,-0.3127338495325813
Cc1c2ccccc2cc2c1c(F)cc1ccccc12,-7.31,test,-7.9505479739140075,0.6405479739140079
O=c1c2ccccc2nc2n1CCC2O,-2.1,test,-2.6329070397170975,0.5329070397170974
NC(=S)NS(=O)(=O)c1ccc(N)cc1,-2.24,test,-2.2414346443808024,0.001434644380802208
CCN(CC)c1cc2[o+]c3cc(N(CC)CC)c(C)cc3c(-c3ccc(S(=O)(=O)[O-])cc3S(=O)(=O)[O-])c2cc1C.[Na+],-0.8053203897,test,-0.05841686245507825,-0.7469035272449217
O=[N+]([O-])c1c(Cl)c(Cl)c(Cl)c(Cl)c1Cl,-5.8269,test,-5.446695459765819,-0.38020454023418093
CC(=O)OCn1cc2c(=O)n(COC(C)=O)cnc2n1,-1.99,test,-2.905644206279747,0.9156442062797472
CCCCC(CC)COCCCN,-1.096509119,test,-3.146989144414292,2.0504800254142923
CCCCOC(=O)c1ccc(O)c(Br)c1,-3.67,test,-3.607098689422176,-0.062901310577824
CCCC(=O)OCCC(C)CCC=C(C)C,-5.142612080899999,test,-5.452386897786538,0.30977481688653885
O=C([O-])CO.[NH4+],1.7009159091,test,1.3280859915164398,0.3728299175835601
CN(C)CCCO,0.9864676175,test,0.7006085436663295,0.2858590738336705
O=C(Oc1ccccc1)c1ccccc1C(=O)Oc1ccccc1,-6.5891,test,-3.9457577440095193,-2.643342255990481
Clc1cc(Cl)c(-c2ccccc2Cl)c(Cl)c1,-6.65,test,-6.5971596903847045,-0.052840309615295844
O=C(O)COc1ccccc1[N+](=O)[O-],-2.016,test,-2.256409671024653,0.24040967102465283
CC(=O)Nc1ccc(S(=O)(=O)N=c2sc(S(N)(=O)=O)nn2C)cc1,-1.69,test,-2.7390712730393436,1.0490712730393437
O=[Cu],-5.3051166643,test,-3.1142220554760907,-2.190894608823909
CCCCN(CCCC)C(=S)SCSC(=S)N(CCCC)CCCC,-6.2405235691,test,-4.858614082590463,-1.381909486509537
OC(c1ccc(Cl)cc1)(c1cncnc1)c1ccccc1Cl,-4.374,test,-4.485966498552464,0.11196649855246399
Clc1ccc(Oc2cc(Cl)c(Cl)c(Cl)c2)cc1Cl,-8.25,test,-7.679944568184776,-0.5700554318152236
Cc1cc(O)ccc1Cl,-1.5704,test,-2.4776110779365648,0.9072110779365647
COc1cc(Cl)c(Cl)c(Cl)c1OC,-4.3701,test,-5.312334190183329,0.9422341901833295
Cc1cccc(C)c1NC(=O)C[NH+]1CC[NH2+]CC1,0.4432827885,test,-2.0390565857826193,2.482339374282619
O=C(O)C(=O)Nc1ccccc1,-1.3019,test,-1.3489957840072846,0.047095784007284536
CCCCCCCC/C=C\CCCCCCCCNC(=O)CCCCCCCCCCCCCCC,-7.7040784145,test,-6.496474347236955,-1.2076040672630448
CCCCCCOC(=O)c1cccnc1,-2.6538,test,-3.5261500658917253,0.8723500658917254
CN(c1c([N+](=O)[O-])cc([N+](=O)[O-])cc1[N+](=O)[O-])[N+](=O)[O-],-3.5889,test,-2.4613802130780846,-1.1275197869219156
C=CCNC(N)=S,-0.294,test,-0.5387375893309246,0.24473758933092465
Nc1nccnc1C(=O)O,-1.7631595965,test,-1.7029554078121716,-0.0602041886878284
Nc1ccc(C#Cc2ccc(N)cc2)cc1,-2.4326,test,-1.247834846079117,-1.1847651539208828
Cc1cc(O)ccc1O,-0.2074175173999999,test,-0.9905911512409222,0.7831736338409223
O=C(c1ccccc1)c1ccccn1,-2.02,test,-1.7561248151452014,-0.26387518485479866
COc1ccc(S(=O)(=O)O)cc1N,-0.8997243446,test,-1.0320086985251269,0.13228435392512694
CCN(C#N)CCC[NH+](C)C.[Cl-],0.7173642943999999,test,-1.2664449211784645,1.9838092155784643
CCOC(=O)NCCOc1ccc(Oc2ccccc2)cc1,-4.7009,test,-4.245239131415513,-0.45566086858448696
O=P12OB(O1)O2,-2.8690757364,test,-1.9415817915644815,-0.9274939448355186
COc1ncnc2nccnc12,-1.113,test,-1.641313078094567,0.5283130780945671
CCCCCCCCSC(=N)N,0.16,test,-3.5946874525970793,3.7546874525970795
CCOP(=S)(OCC)SCn1c(=O)oc2cc(Cl)ccc21,-5.0813,test,-4.908024302475554,-0.1732756975244456
O=[Mn],-4.921453892,test,-2.8787567446796514,-2.0426971473203483
CCCSc1nc(Cl)c([N+](=O)[O-])c(Cl)n1,-4.3869446244,test,-3.3409450557114777,-1.0459995686885222
CCCC(C(=O)O)C(=O)O,0.6803,test,-0.07132271559185091,0.7516227155918509
C[C@H](CCC(=O)O)[C@H]1CC[C@H]2[C@@H]3[C@H](O)[C@H](O)[C@@H]4C[C@H](O)CC[C@]4(C)[C@H]3CC[C@@]21C,-4.3465,test,-4.353102059022296,0.00660205902229638
NS(=O)(=O)c1ccc(Nc2ccnc(NC(=O)NS(=O)(=O)c3ccc(Cl)cc3)n2)cc1,-4.0,test,-3.772288890237712,-0.22771110976228792
CC1(C)COC(=O)C1O,0.6515307225,test,-1.3743783415370547,2.0259090640370547
CCOc1nc(OCC)nc(OCC)n1,-1.4838,test,-2.107214114690289,0.6234141146902892
O=C(O)CCCC1CCCC2NC(=O)NC12,-0.96,test,-1.618006724361793,0.6580067243617931
O=C(O)c1ccccc1Br,-2.05,test,-1.402442703392299,-0.6475572966077008
CCOc1cc(Oc2ccc(C(F)(F)F)cc2Cl)ccc1[N+](=O)[O-],-6.4939,test,-5.66691026906284,-0.8269897309371599
CCN(CCC#N)c1ccc(N=Nc2ccc([N+](=O)[O-])cc2Cl)cc1,-4.2526115544,test,-4.257844463589355,0.0052329091893552615
C=C[NH+]1C=CN(C)C1.[Cl-],0.6585802853,test,-0.4910323949406938,1.1496126802406939
CC(=O)OCC(=O)[C@@]1(O)[C@H](C)C[C@H]2[C@@H]3CCC4=CC(=O)C=C[C@]4(C)[C@@]3(F)[C@@H](O)C[C@@]21C,-4.9,test,-4.660923984879145,-0.23907601512085552
COCCCCC(=O)c1ccc(C(F)(F)F)cc1,-3.5440597008,test,-4.643745303033673,1.0996856022336727
Clc1cc(Cl)c2cc(Cl)ccc2c1,-6.5557,test,-7.538157188314975,0.9824571883149753
NCCNCCN(CCN)CCN.NCCNCCNCCNCCN,0.4218033311999999,test,0.3486765699956091,0.07312676120439082
ClC(Cl)(Cl)C(Cl)(Cl)Cl,-3.94,test,-3.0787256461915695,-0.8612743538084304
CCCCCCC(=O)OCC(COC(=O)CCCCCC)(COC(=O)CCCCCC)COC(=O)CCCCCC,-7.0680633512,test,-7.993046726839383,0.9249833756393828
CCC(CO)(CO)C(=O)O,0.5168038544,test,0.018261968860432992,0.498541885539567
[Sr],-1.1139433523,test,-3.7564224555331327,2.642479103233133
O=C(N=NNc1cc(Cl)c(-c2ccc(-c3cc(Cl)c(NN=NC(=O)c4cc5ccccc5cc4O)cc3Cl)cc2)cc1Cl)c1cc2ccccc2cc1O,-8.0871707055,test,-6.100176101334577,-1.9869946041654227
CCOC(=O)[C@H](CCc1ccccc1)N[C@@H](C)C(=O)N1CCC[C@H]1C(=O)O,-1.3609,test,-1.7306778510925607,0.36977785109256067
O=P([O-])([O-])OP(=O)([O-])[O-].[Mn+3].[NH4+],-5.392552750599999,test,-1.8331910997389231,-3.559361650861076
CC(=O)C1=C(C)C2CC3(C1)C(C)CCC3C2(C)C,-4.6134788776,test,-3.6795525252904127,-0.9339263523095878
Nc1c2ccccc2nc2cc(C(F)(F)F)ccc12,-2.17,test,-2.5834004426525783,0.41340044265257836
c1ccc2[nH]ncc2c1,-2.1554,test,-2.7799169771875496,0.6245169771875494
O=C([O-])C(O)C(O)C(O)C(O)CO.[Na+],0.4321,test,0.5065139751672348,-0.07441397516723486
CCOC(/C=C(\C)CCC=C(C)C)OCC,-2.3547996853,test,-4.456440157137757,2.1016404718377566
O=C(O)c1ccc(C(=O)O)c(Br)c1,-2.1339,test,-2.8796494659992176,0.7457494659992174
CCS(=O)(=O)C(C)(CO)S(=O)(=O)CC,-0.1653,test,1.1661332568847576,-1.3314332568847576
[Cd+2].[OH-].[OH-],-3.3236333941,test,-3.052913887539183,-0.270719506560817
CCCCC1=NC(=O)C2(CCCC2)N1.CCCCC1=NC2(CCCC2)C(=O)N1.Cl.Cl,-1.019613944,test,-3.5984506117690294,2.5788366677690293
COc1cc(C=O)ccc1O,-1.2280265929,test,-1.610784060063603,0.3827574671636029
CC12CCC(=O)C=C1CCC1C2C2CC3(C(O)O2)C(C(=O)CO)CCC13,-3.85,test,-2.669436532099315,-1.1805634679006851
CCNC(CC)C(=O)O,-0.4189,test,0.2698830877214897,-0.6887830877214898
Clc1nc(Cl)nc(Nc2ccccc2Cl)n1,-4.5371,test,-3.93448582656253,-0.6026141734374697
COC(C)(C)CCOC(C)=O,-0.4390291979,test,-0.4069435834973355,-0.0320856144026645
Brc1ccccn1,-0.8806,test,-2.1655371805585775,1.2849371805585774
Nc1ccc(S(=O)(=O)Nc2ccc(Cl)c(Cl)c2)cc1,-4.94,test,-4.271626880433016,-0.6683731195669846
CC[N+](CC)(CC)CC.[Br-],0.6774520067,test,0.6223475560521946,0.05510445064780545
CC(C)CNC(=O)c1cc(N2CC2)c([N+](=O)[O-])cc1[N+](=O)[O-],-3.85,test,-2.9426702473435586,-0.9073297526564414
[Br-],-0.3762292432999999,test,-0.7865006045599813,0.41027136125998137
CC(C)(NC(=O)C(Br)C(C)(C)C)c1ccccc1,-4.9455,test,-3.852396393777382,-1.093103606222618
COC(=O)c1c(Cl)c(Cl)c(Cl)c(Cl)c1C#N.C[O-].Cc1c(N)cccc1N.[Na+],-7.1716670448,test,-6.598504453910282,-0.5731625908897184
CCCCCCC(=O)OCC(CC)(CO)COC(=O)CCCC,-5.982567027000001,test,-7.789538972333353,1.806971945333352
CNC(=O)O/N=C/C(C)(C)S(C)(=O)=O,-1.3469,test,-1.9025287990177198,0.5556287990177198
Nc1cccc(Cl)c1,-1.3733684129,test,-1.9606073102990267,0.5872388973990268
CCOC(=O)COc1ccc(Cl)cc1,-2.4206,test,-3.0103854593085178,0.5897854593085179
Nc1ccc(S(=O)(=O)c2ccc(N)cc2)cc1,-3.094,test,-3.0168055216648075,-0.07719447833519233
C=C(C)C(=O)OCCCCCCCCCCCCOC(=O)C(=C)C,-7.484220297999999,test,-4.825122440436743,-2.659097857563256
CCCCOCCOC(C)=O,-1.2504,test,-1.275812301495015,0.025412301495014944
COC(C)C(NC(=O)c1ccccc1)C(=O)O,-1.74,test,-1.8094726188166297,0.0694726188166297
CCN1c2nc(N(C)CCO)ccc2NC(=O)c2cccnc21,-3.36,test,-4.226345918516591,0.8663459185165912
c1cc(OCC2CO2)c2ccc(OCC3CO3)cc2c1,-3.9191737976,test,-4.359849183170669,0.4406753855706693
Cc1c[nH]c(=O)[nH]c1=O,-1.5187,test,-2.2259659997605366,0.7072659997605366
COc1cc(Cc2cnc(N)nc2N)cc(OC)c1OC,-2.8608,test,-2.934230302054921,0.07343030205492118
NS(=O)(=O)c1ccc(SCCCCCO)cc1,-2.6618,test,-2.2865437503966684,-0.3752562496033316
CC(=O)Nc1ccc(/C=N/NC(N)=S)cc1,-3.429,test,-3.2073098416595345,-0.22169015834046535
CC1=C/C(=C(\c2ccc(N)c(S(=O)(=O)[O-])c2)c2ccc(N)c(S(=O)(=O)O)c2)C=C(S(=O)(=O)[O-])C1=N.[Na+].[Na+],-1.7675632436000002,test,-0.489699542403194,-1.2778637011968061
O=C1OCC(CO)O1,0.9277942328,test,0.46298119310367314,0.4648130396963268
CNC1CN(c2cc3c(cc2F)c(=O)c(C(=O)O)cn3C2CC2)C1,-5.41,test,-4.719483423475364,-0.6905165765246357
Cc1ccccc1Oc1cccnn1,-1.969,test,-3.5451444892861033,1.5761444892861032
CCCCC(CC)COC(=O)CCCCCCCCC(=O)OCC(CC)CCCC,-3.3290743264,test,-6.793721376443818,3.4646470500438182
CCN1c2cc(Cl)ccc2NC(=O)c2cccnc21,-5.36,test,-4.84767511006712,-0.5123248899328807
Cc1ccc(N2C(=O)c3cccc4c(N)ccc(c34)C2=O)c(C)c1,-4.8916555333,test,-5.568495321414335,0.6768397881143349
CCCCC(CC)C(=O)OCCOCCOCCOC(=O)C(CC)CCCC,-5.4201521344,test,-4.633130866760026,-0.7870212676399744
CC(=O)Nc1ccc2c(c1)C(=O)/C(=N/Nc1ccc(S(=O)(=O)CCOS(=O)(=O)[O-])cc1)C(S(=O)(=O)[O-])=C2.[Na+].[Na+],-0.6794075026,test,-0.40582165354735317,-0.2735858490526469
Cc1cccc2[n-]c(=S)[nH]c12.Cc1cccc2[nH]c(=S)[n-]c12.[Zn+2],-4.0879587895,test,-3.248663907321938,-0.8392948821780619
C=C(C)C(=O)NCNC(=O)C(=C)C,-1.1892367555,test,-0.37989075184222837,-0.8093460036577718
N#Cc1cccnc1,0.1128,test,0.04880779143978328,0.06399220856021672
COC(=O)C1CCC(C(=O)OC)CC1,-1.3871946661,test,-1.9429592492658647,0.5557645831658646
C=C/C=C/CC/C=C/CC,-3.34190657,test,-2.665110412426911,-0.6767961575730888
CCc1cc(Cc2cc(CC)c(N)c(CC)c2Cl)c(Cl)c(CC)c1N,-7.2780387128,test,-4.567374501775564,-2.7106642110244357
CCN(CC)c1ccc(N=Nc2c(C#N)cc([N+](=O)[O-])cc2C#N)c(C)c1,-7.472819969600001,test,-6.509174771818177,-0.9636451977818234
C=C(C(=O)O)c1ccccc1,-2.0568,test,-2.710589059693321,0.6537890596933211
CCC1CN2CCC1CC2C(O)c1ccnc2ccc(OC)cc12,-3.0514,test,-2.5067527622363053,-0.5446472377636948
CC(C)(C)C(=O)OCC(=O)C1(O)CCC2C3CCC4=CC(=O)C=CC4(C)C3C(O)CC21C,-4.5835,test,-4.41884616875494,-0.16465383124505983
ClCCOCCOCCCl,-0.9955,test,-1.0426528507667567,0.04715285076675668
CCCCSS(=O)CCCC,-2.2886,test,-3.075968783716477,0.7873687837164769
O=[N+]([O-])c1ccccc1NCCO,-1.9933265855,test,-1.7939100020433114,-0.19941658345668856
CCC(C(=O)O)C(C(=O)O)c1ccccc1,-2.3256,test,-2.1107455013706327,-0.21485449862936745
CC(C)CCCC(C)CC=O,-3.8064830067,test,-4.300947657969589,0.4944646512695887
O=C(OCCOCCOC(=O)c1ccccc1)c1ccccc1,-3.937488879,test,-2.7836484173011042,-1.1538404616988958
CN(CC(N)=O)C(=O)COC(=O)c1ccccc1,-0.92,test,-1.3649436816698846,0.4449436816698845
CCCCCCCCC(O)CO,-2.4785789552,test,-2.5107264899799104,0.03214753477991028
CC(C)CC(NC(=O)CC(O)C(CC(C)C)NC(=O)C(Cc1c[nH]cn1)NC(=O)C(Cc1ccccc1)NC(=O)OC(C)(C)C)C(=O)NCc1ccncc1,-3.36,test,-2.4505156590069888,-0.9094843409930111
O=[N+]([O-])c1c(Cl)cc(Cl)cc1Cl,-4.5591,test,-5.14046685592845,0.5813668559284499
Fc1cccc2ccccc12,-3.4527,test,-4.261144872726621,0.8084448727266205
O=COCc1ccccc1,-1.6731198028999998,test,-2.56155889016815,0.8884390872681502
C/C(=N/Nc1nc(C)cc(C)n1)c1ccccc1C,-3.1959,test,-3.9120019509674955,0.7161019509674955
C=CCOc1ccc(CC(=O)O)cc1Cl,-3.13,test,-2.813375978027128,-0.316624021972872
Nc1cnn(-c2ccccc2)c(=O)c1Cl,-2.7436,test,-4.19258598768902,1.4489859876890199
OCC1OC(OCC2OC(O)C(O)C(O)C2O)C(O)C(O)C1O,0.4656,test,0.7400354371458441,-0.27443543714584406
CSC1=CC(=O)c2ccccc2C1=O,-4.4651,test,-4.41854056551637,-0.04655943448362976
CC(c1ccccc1)c1cc(C(=O)[O-])c(O)c(C(C)c2ccccc2)c1.CC(c1ccccc1)c1cc(C(=O)[O-])c(O)c(C(C)c2ccccc2)c1.[Zn+2],-3.9244090954,test,-3.310302900285137,-0.614106195114863
[Lu+3].[Lu+3].[O-2].[O-2].[O-2],-4.9185665359,test,-5.857247901483338,0.9386813655833377
O=c1[nH]c(Nc2ccccc2)nc2[nH]cnc12,-4.12,test,-5.4186771889761935,1.2986771889761934
Nc1ccc(N/N=C2\C=Cc3c(cccc3S(=O)(=O)[O-])C2=O)cc1.[Na+],-1.2915600389,test,-2.305898295963363,1.0143382570633632
O=S(=O)([O-])C[C@@H](O)CNc1ccccc1,0.1187844902,test,-2.288607046129279,2.407391536329279
O=C(O)C=C(Br)Br,-0.8358,test,-0.33749101825613254,-0.49830898174386745
N=c1nc(N2CCCCC2)cc(N)n1O,-1.9782,test,-2.304244857977492,0.32604485797749194
CC/C=C(\C)C(O)CCCCC,-3.4318638977,test,-2.8893388543273804,-0.5425250433726196
C=COCCCC,-2.3379408202,test,-2.0720282730792707,-0.2659125471207293
CCC(C)(C)Cl,-2.5105450102,test,-2.573757966754322,0.06321295655432202
Clc1ccc(-c2cc(Cl)c(Cl)cc2Cl)cc1,-7.7699,test,-6.930533735708596,-0.8393662642914039
Nc1ccccc1S(=O)(=O)O,-1.7471686412,test,-0.7812795366225095,-0.9658891045774906
COc1ccc(N2CCN(c3ccc(-n4cn[nH]c4=O)cc3)CC2)cc1,-6.4889092646,test,-3.753414978053615,-2.7354942865463854
C=C(C)C1Cc2c(ccc3c2OC2COc4cc(OC)c(OC)cc4C2C3=O)O1,-4.47,test,-5.906651081837151,1.4366510818371516
CCC(=O)N(C)c1ccc(S(=O)(=O)N(C)C)cc1,-2.48,test,-1.742138798990986,-0.737861201009014
C1=Cc2ccccc2C1.Cc1cccc(C)c1C.c1ccc2c(c1)CCC2,-3.51623781,test,-3.6914388199880075,0.1752010099880077
COP1(=S)OCc2ccccc2O1,-3.5714,test,-1.199421224098872,-2.371978775901128
Cc1cc(C)nc(C(N)=O)n1,0.1216,test,-1.315716828366859,1.437316828366859
CC(C)c1ccc(C#N)cc1,-2.9887953027,test,-3.918515218793624,0.929719916093624
CCC(Cl)(Cl)[N+](=O)[O-],-1.4996,test,-2.309579336232289,0.8099793362322889
COP(=S)(OC)Oc1ccc(C#N)cc1,-3.7232,test,-4.309461821209143,0.5862618212091433
CC(C)C1CCCCC1,-5.3116265943,test,-3.9456806721168065,-1.3659459221831933
O=C1NS(=O)(=O)c2ccccc21,-1.6718324141,test,-2.7868498102450943,1.1150173961450942
O=C1CC=CS1,-0.2225,test,-1.4895950190871636,1.2670950190871637
CC(=O)O.OCCN(CCO)CCO,0.6793511375,test,0.5475032544578831,0.13184788304211692
CCCCC(CC)C(=O)O[Co]OB(O[Co])O[Co](OC(=O)C(CC)CCCC)OC(=O)C(CC)CCCC,-1.8254561435,test,-4.564719521975236,2.7392633784752354
Clc1cc2c(cc1Cl)Oc1c(Cl)c(Cl)c(Cl)c(Cl)c1O2,-10.9486,test,-11.335429629544327,0.38682962954432654
Nc1ccc(N=Nc2ccc(N=Nc3c(S(=O)(=O)[O-])cc4c(c3N)C(=O)/C(=N/Nc3ccccc3)C(S(=O)(=O)[O-])=C4)cc2)c(N)c1.[Na+].[Na+],-0.827397585,test,-1.1280118212453913,0.3006142362453913
CCN(CC)C(=O)CC(C)C,-0.5946,test,-0.7517483692281087,0.1571483692281087
NC(=O)Nc1cc(Nc2nc(N)nc(Cl)n2)ccc1N=Nc1cc2c(S(=O)(=O)[O-])cc(S(=O)(=O)[O-])cc2cc1S(=O)(=O)[O-].[Na+].[Na+].[Na+],-1.0000005869,test,-0.8132464013829166,-0.18675418551708334
Cc1cccc(Oc2cccc(C)c2)c1,-4.85,test,-4.299986943173629,-0.550013056826371
CCOP(=O)(Sc1ccccc1)Sc1ccccc1,-3.3305,test,-2.503756460200073,-0.826743539799927
Cc1ccc(-n2ccc(=O)c(O)c2C)cc1,-3.22,test,-2.7551665061586137,-0.4648334938413865
Cc1ccc(Cl)cc1NC(=O)c1cc2ccccc2cc1O,-5.2385590319,test,-5.069106841782746,-0.1694521901172541
c1ccc2[nH]ccc2c1,-1.21,test,-2.223076814356947,1.013076814356947
CC1(C)C(C=C(Cl)Cl)C1C(=O)OCc1cccc(Oc2ccccc2)c1,-6.29,test,-6.124594333322282,-0.16540566667771817
O=C1c2ccccc2Cc2ccccc2N1CCF,-3.535,test,-4.202098082775135,0.6670980827751345
CCCCCCCCCOS(=O)(=O)[O-].[Na+],-0.1361989598,test,-0.23041621818837207,0.09421725838837208
CCC1(CC)C(=O)N(c2ccccc2)N=C1OC(C)=O,-3.54,test,-2.778783047159001,-0.7612169528409991
CCC(=O)N(c1ccccc1)C1CC[NH2+]CC1,-0.8352255084,test,-2.9565352519389756,2.1213097435389754
CCN(CC)c1nc(Nc2ccc(/C=C/c3ccc(Nc4nc(Nc5cc(S(=O)(=O)[O-])ccc5S(=O)(=O)[O-])nc(N(CC)CC)n4)cc3S(=O)(=O)[O-])c(S(=O)(=O)[O-])c2)nc(Nc2cc(S(=O)(=O)[O-])ccc2S(=O)(=O)[O-])n1.[Na+].[Na+].[Na+].[Na+].[Na+].[Na+],-0.8122490226000001,test,-1.4915780746800498,0.6793290520800497
COc1ccc2cc(C(C)C(=O)OCC(O)CO)ccc2c1,-2.62,test,-3.3823306253944536,0.7623306253944535
O=C(O)CC[C@@H](C(=O)O)N1C(=O)c2ccccc2C1=O,-1.4463316859,test,-4.057752194605074,2.6114205087050744
CCCOCCN(C(=O)CCl)c1c(CC)cccc1CC,-3.795,test,-4.119071213695061,0.32407121369506076
CC(C)CC(Br)C(=O)NC(C)C(=O)NC(C)C(=O)O,-1.43,test,-0.8028121699147859,-0.6271878300852141
ClCC(Cl)Cl,-1.5811040628,test,-1.5857164783357465,0.004612415535746539
COc1cccc(C(=O)O)c1,-1.93,test,-2.394445478247685,0.46444547824768523
CCCCCO,-0.6027996358,test,-1.5366321616801575,0.9338325258801575
CC(C)[C@@H]1CC[C@@H](C)C[C@@H]1O,-2.5604043774000003,test,-2.7828588253749222,0.22245444797492198
COc1cc([C@@H]2c3cc4c(c(O)c3C[C@H]3COC(=O)[C@@H]32)OCO4)cc(OC)c1OC,-4.5035,test,-3.915670287881874,-0.587829712118126
COc1cc(N=Nc2cccc(S(=O)(=O)[O-])c2)ccc1NC(=O)Nc1ccc(N=Nc2cccc(S(=O)(=O)[O-])c2)cc1OC.[Na+].[Na+],-0.714875651,test,-1.901987164421398,1.187111513421398
CC[C@]12CC[C@@H]3C4=C(CC[C@H]3[C@@H]1CC[C@@H]2O)CC(OC)=CC4,-4.7025138257,test,-4.519485208873326,-0.18302861682667348
N[C@@H](CC(=O)O)C(=O)[O-].[Na+],0.6099273323,test,0.26334110422233403,0.3465862280776659
CNc1cnn(-c2cccc(C(F)(F)F)c2)c(=O)c1Cl,-3.9548,test,-4.054415215371782,0.0996152153717822
O=S(=O)(O)C(Cl)S(=O)(=O)O,0.6765,test,-0.17510142340824972,0.8516014234082497
FC(F)(F)N1C(F)(F)C(F)(F)OC(F)(F)C1(F)F,-5.5960586261000005,test,-2.542386034300055,-3.0536725917999457
O=C(Oc1ccccc1)c1ccccc1O,-3.1547687559,test,-3.8062174673731386,0.6514487114731384
c1ccc(Nc2cccc3ccccc23)cc1,-4.8638916314,test,-6.191599360271917,1.3277077288719177
C=C(C)C(=O)OC(=O)C(=C)C,-0.1967597116,test,-2.3552951335496717,2.1585354219496717
CC(C)C(C)(C)C(C)(C)C(C)(C)S,-7.7118329776,test,-2.156568191638839,-5.555264785961161
CC(=O)OCCBr,-0.6737,test,0.22581239150024832,-0.8995123915002483
CN1CC(O)C2=CC(=NNC(N)=O)C(=O)C=C21,-2.72,test,-2.4804060959981977,-0.23959390400180247
COC(C)=O,0.46,test,0.07437996529833293,0.38562003470166706
O=C1CN(O)C(c2ccccc2Cl)=c2cc(Cl)ccc2=N1,-4.4653328209,test,-3.8504741102617244,-0.6148587106382752
NS(=O)(=O)c1cc(C(=O)O)c(NCc2ccco2)cc1Cl,-3.83,test,-2.411149591271123,-1.418850408728877
Clc1ccc(Oc2cc(Cl)c(Cl)c(Cl)c2)c(Cl)c1,-7.89,test,-7.610124076248578,-0.2798759237514217
CCCCCCCC/C=C\CCCCCCCC(=O)OCC(COC(=O)CCCCCCC/C=C\CCCCCCCC)(COC(=O)CCCCCCC/C=C\CCCCCCCC)COC(=O)CCCCCCC/C=C\CCCCCCCC,-7.378019409199999,test,-8.56197207584272,1.1839526666427203
CNC(=O)Nc1nc2ccccc2s1,-4.2373,test,-3.7281817052295976,-0.5091182947704027
O=C(O)c1c(Cl)cccc1N=Nc1ccc(O)cc1,-3.0,test,-2.8127714702705253,-0.18722852972947468
CC(CC=O)CCCC(C)(C)O,-0.6921365673000001,test,-3.105169976986317,2.413033409686317
Cc1cnc2ncncc2n1,0.06,test,-0.24358469992303725,0.30358469992303727
COc1ccc(CCC#N)cc1OC,-1.9013447833,test,-2.951377096894147,1.050032313594147
COc1cccc(N(C)C(=S)Oc2cccc(C(C)(C)C)c2)n1,-6.013999999999999,test,-4.666042712928784,-1.3479572870712158
C=C(C)C(=O)OCCOCC,-0.9674738601,test,-1.165021750450728,0.19754789035072806
CCCCCCCCOC(=O)c1ccc(O)cc1,-4.2224,test,-4.542686828354371,0.3202868283543703
Nc1ccc2ccccc2c1S(=O)(=O)O,-1.7,test,-2.619795085720665,0.9197950857206652
NC(=O)C(Cl)Cl,-0.2558,test,0.3431841205409835,-0.5989841205409836
CC(=O)OCC(=O)[C@@]1(O)CC[C@H]2[C@@H]3CCC4=CC(=O)C=C[C@]4(C)[C@H]3[C@@H](O)C[C@@]21C,-4.3692,test,-4.13909986647437,-0.23010013352562986
CCCN1CCn2c(nc3ccccc3c2=O)C1C,-2.31,test,-2.2397547797238344,-0.07024522027616564
CCCCC(=O)N(Cc1ccc(-c2ccccc2-c2nnn[nH]2)cc1)C(C(=O)O)C(C)C,-4.2,test,-2.6918827408565233,-1.5081172591434768
CCCCC(CC)CNCC(CC)CCCC,-4.2367225564,test,-4.950961980316602,0.7142394239166014
O=S(=O)([O-])c1cccc(N=Nc2ccc(N=Nc3ccc(Nc4ccccc4)c4c(S(=O)(=O)[O-])cccc34)c3ccccc23)c1.[Na+].[Na+],-0.5325397259,test,-1.4904405328974453,0.9579008069974453
c1ccc2c(c1)ccc1ccccc12,-5.1903,test,-6.043796183190529,0.8534961831905292
O=S(=O)([O-])[O-].O=S(=O)([O-])[O-].O=S(=O)([O-])[O-].[Al+3].[Al+3].[Ca+2].[Ca+2].[Ca+2].[Ca+2].[Ca+2].[Ca+2].[O-2].[O-2].[O-2].[O-2].[O-2].[O-2],-3.0742274262,test,-4.889699395769842,1.8154719695698422
CCCN(CCC)C(=O)COC(=O)c1ccccc1,-2.3791,test,-1.7971576485378549,-0.5819423514621453
O=C([O-])[O-].[Mn+2],-4.5005872378,test,-2.5945472090937427,-1.9060400287062569
N#CC(OC1OC(COC2OC(CO)C(O)C(O)C2O)C(O)C(O)C1O)c1ccccc1,-0.77,test,-0.6861260669779821,-0.08387393302201795
Nc1c(Br)cc(Br)c(S(=O)(=O)O)c1Br,-0.4888,test,-2.3257961126797526,1.8369961126797527
COc1cnc2ncncc2n1,-1.14,test,-1.7956914027231532,0.6556914027231533
COc1ccc(Cl)c(OC)c1O,-1.56,test,-2.1579345741129776,0.5979345741129776
O=C(O)COc1ccc(Cl)cc1CO,-2.0347,test,-1.9737034026581342,-0.0609965973418658
COc1cc([N+](=O)[O-])c(OC)cc1Cl,-3.1793123652999995,test,-4.062761376227681,0.8834490109276816
O=[Ca],-1.7683268794999998,test,-3.204021949322923,1.4356950698229232
C=C1C(O)CC2CC1C2(C)C,-2.09612479,test,-1.8678353598759674,-0.2282894301240328
CN(C)C(=O)COC(=O)c1ccccc1O,-1.71,test,-2.0490247305956144,0.33902473059561444
CC(=O)[O-].CC(=O)[O-].N.N.N.N.[Pd+2],0.5414259625,test,-1.2427204262015081,1.784146388701508
CC(C)C[C@H](N)C(=O)NCC(=O)NCC(=O)O,0.2124,test,-0.7126847655087626,0.9250847655087626
Cc1cc(O)ccc1N,-1.7894220529,test,-1.3315853076825488,-0.4578367452174512
CNC(=S)NC,0.9823,test,-1.22663599334056,2.20893599334056
COCC(C)OC(=O)Oc1ccc(NC(C)=O)cc1,-2.48,test,-2.3816407921925506,-0.09835920780744933
Cc1ccc(S(=O)(=O)NN)cc1,-1.48,test,-1.778991245963845,0.2989912459638451
CC(C)CC(NC(=O)CC(O)C(CC(C)C)NC(=O)C(Cc1c[nH]cn1)NC(=O)C(Cc1ccccc1)NC(=O)OC(C)(C)C)C(=O)NCc1ccccn1,-3.42,test,-2.544648467279063,-0.8753515327209369
CCCCOCCOC(=O)CCCCC(=O)OCCOCCCC,-4.9587331394,test,-2.7202130442605044,-2.2385200951394952
O=C(O)c1ccccc1Nc1cccc(O)c1,-3.54,test,-4.341897795452827,0.8018977954528266
CCN(CCO)c1ccc(N=Nc2sc3cc(OC)ccc3[n+]2C)cc1.COS(=O)(=O)[O-],-1.0208150872,test,-2.3408291355209268,1.3200140483209268
CC1C(c2ccc(Cl)cc2)SC(=O)N1C(=O)NC1CCCCC1,-5.85,test,-5.970005311228142,0.12000531122814273
O=P(Oc1ccccc1)(Oc1ccccc1)Oc1cccc(OP(=O)(Oc2ccccc2)Oc2ccccc2)c1,-5.7380720068,test,-6.693805442820421,0.9557334360204202
CC(/C=N/O)=N\O,-0.35,test,-0.9835541585092669,0.6335541585092669
CCOC(=O)C(C)CC,-2.3364163689,test,-0.8842149742085124,-1.4522013946914878
CCCCCCCCOCCO,-2.125,test,-2.4268164544391557,0.3018164544391557
OC(=S)CCCCCCCCC(O)=S,-3.07,test,-2.7448338354390027,-0.3251661645609971
CCn1cc(C(=O)OCOC(C)=O)c(=O)c2ccc(C)nc21,-2.49,test,-2.810176515362135,0.32017651536213476
c1ccc2sccc2c1,-3.0138,test,-4.018368038870476,1.0045680388704765
CCCCCCOC(=O)c1ccc(N)cc1,-3.95,test,-4.556033995276446,0.6060339952764462
CCCOC(=O)c1cc(O)c(O)c(O)c1,-1.7827,test,-2.1023175137175465,0.31961751371754654
C=C(CC(C)(C)c1ccccc1)c1ccccc1,-6.0118424704,test,-3.8629210689360054,-2.148921401463995
O=C(O)c1ccc(N=Nc2ccc(O)cc2)cc1Cl,-2.62,test,-3.6253624462677974,1.0053624462677972
CCCCCCCCC(=O)OC1CCC2C3CCC4=CC(=O)CCC4C3CCC12C,-5.72,test,-5.850347435324107,0.13034743532410697
O=S(=O)(Nc1ccc(Br)cc1Br)c1ccccc1,-5.01,test,-4.371746919639227,-0.6382530803607729
CCCCCCCCCCCCCCCCCC[N+](C)(C)C.[Br-],-3.6161271205,test,-3.317815253060457,-0.29831186743954285
C=CCC(C(=O)NC(N)=O)C(C)C,-2.7469,test,-2.254482889916148,-0.4924171100838519
Cc1ccc(C(C)(C)C)c(O)c1,-2.672674663,test,-4.153666945422065,1.4809922824220654
Cc1ccccc1,-2.2062982993,test,-2.224016423133394,0.017718123833393662
CCO[Si](OCC)(OCC)OCC,-2.1455655454,test,-4.620571276837455,2.475005731437455
[Cl-].[Cl-].[Cl-].[Fe+3],0.6028517968,test,-1.6503998980436654,2.2532516948436654
NNC(=O)c1ccc([N+](=O)[O-])cc1,-2.16,test,-1.8688041222878458,-0.2911958777121544
COC(C)COC(C)COCCC[Si](C)(O[Si](C)(C)C)O[Si](C)(C)O[Si](C)(C)C,-6.2877399393,test,-4.512294249323674,-1.7754456899763253
CC[N+](CC)(CC(=O)Nc1c(C)cccc1C)Cc1ccccc1.O=C([O-])c1ccccc1,-1.020958606,test,-1.1370227550442529,0.11606414904425288
CCOC(=O)C1=C(COCCN2C(=O)c3ccccc3C2=O)NC(C)=C(C(=O)OC)C1c1ccccc1Cl,-4.5011269518,test,-5.889467217665277,1.3883402658652768
[C-]#N.[K+],1.0436,test,-1.769540431686531,2.813140431686531
CCCCCC(O)/C=C/C1C(O)CC(O)C1C/C=C/CCCC(=O)O,-2.33,test,-1.7088176395311299,-0.6211823604688702
Clc1ccc(-c2cc(Cl)c(Cl)c(Cl)c2Cl)cc1Cl,-7.8306,test,-8.777217891601675,0.946617891601675
CC[C@H](C)c1cccc([C@H](C)CC)c1O,-5.0593,test,-2.685620134759284,-2.3736798652407165
O=C(O)CCCCCCCC(=O)O,-1.8944614494,test,-2.19536858052248,0.30090713112248
CCCCC(CC)COC(=O)c1ccc(Nc2nc(Nc3ccc(C(=O)NC(C)(C)C)cc3)nc(Nc3ccc(C(=O)OCC(CC)CCCC)cc3)n2)cc1,-8.1852587653,test,-7.559056017842629,-0.6262027474573717
[O-][n+]1ccccc1,1.0218,test,-0.20329563601659717,1.2250956360165972
CC(C)OC(=O)C(O)(c1ccc(Cl)cc1)c1ccc(Cl)cc1,-5.3544,test,-4.688326567222017,-0.6660734327779831
C.CCCCCCCCCCCCO,-4.8148101896,test,-4.306729497009274,-0.5080806925907257
CCCC(=O)n1cnc2c1c(=O)n(C)c(=O)n2C,-1.53,test,-1.8822236632323295,0.35222366323232945
C=CC1(C(C)C)C(=O)NC(=O)NC1=O,-1.71,test,-1.5961847848075061,-0.11381521519249382
O=C(O)/C(S)=C/c1ccccc1,-2.96,test,-1.8523502147799418,-1.1076497852200582
Clc1ccccc1Oc1ccc(Cl)c(Cl)c1Cl,-6.74,test,-6.7133988153087,-0.026601184691299906
CCCCCOC(=O)CCC,-2.467,test,-3.1738422170127083,0.7068422170127082
CCCCCCCCOCC(O)CO,-1.9208,test,-2.683476144554536,0.762676144554536
CC(C)OC(=O)[C@@H](C)N(C(=O)c1ccccc1)c1ccc(F)c(Cl)c1,-4.4817,test,-4.776017173343023,0.294317173343023
Clc1ccccc1Oc1ccccc1,-4.7796,test,-4.876099271304904,0.09649927130490354
CC(=O)Nc1ccc(S(=O)(=O)Cl)cc1,-2.8772524161,test,-2.509499328244727,-0.3677530878552733
NC(Cc1ccc(O)c(O)c1)C(=O)OC1CCCCC1,-1.27,test,-1.9449915202205603,0.6749915202205603
CCCCC=O.CCCCCC=O.O=CCC=O,-5.4122219139,test,-2.628575284208831,-2.783646629691169
O=C1Cc2cc(CCCl)c(Cl)cc2N1,-4.7775740697,test,-3.7424007701721322,-1.0351732995278677
CCCCCCCCCCCCCCCCCC(=O)NCCO,-5.5152815814,test,-3.8276296183716636,-1.6876519630283364
CC(Cc1cccc(CC(C)c2ccc(O)cc2)c1)c1ccc(O)cc1,-6.238635640399999,test,-3.604150151686148,-2.6344854887138514
c1ncc2n[nH]nc2n1,-0.2319,test,-1.195645648451152,0.963745648451152
CC(=O)N[C@@H](Cc1cc(Br)c(O)c(Br)c1)C(=O)O,-2.1830000000000003,test,-2.727108962442793,0.5441089624427926
C/C=C/C.C=CCC,-4.6698435423,test,-1.4010714511290105,-3.268772091170989
O=C(OCC(=O)N1CCOCC1)c1ccccc1,-1.7734,test,-1.0027166495933977,-0.7706833504066024
CC(C)(CO)C(O)C(=O)NCCCO,0.4376764540999999,test,0.38434847233815733,0.05332798176184256
CCCCC(CC)C(=O)[O-].CCCCC(CC)C(=O)[O-].[Co+2],-5.347977516,test,-3.4974421092942607,-1.8505354067057396
CCCSP(=S)(OCC)Oc1ccc(SC)cc1,-6.0171,test,-4.933052683159995,-1.0840473168400049
COC(=O)C(C)OC(C)=O,-0.2617,test,-0.0047223277374154994,-0.2569776722625845
CC(C)=CCC/C(C)=C/CO,-2.3519095035,test,-1.7984180139942088,-0.5534914895057912
CC(C)N(C(=O)COC(=O)c1ccccc1)C(C)C,-3.34,test,-2.5743051122387017,-0.7656948877612981
CC(O)CNCCN,0.9275,test,0.501621673477526,0.42587832652247404
CC(C)(C)CC(C)(C)c1ccc(O)c(-n2nc3ccccc3n2)c1,-5.5097937283,test,-7.020318847725784,1.5105251194257843
Cc1ccc(C(C)C)c(O)c1C(=O)O,-3.2883,test,-1.99853035095984,-1.28976964904016
CCCCC(=O)OCC1OC(n2cc(I)c(=O)[nH]c2=O)CC1O,-3.4,test,-3.6983926753459175,0.2983926753459176
OC1CSC(O)CS1,-1.4690382322,test,-2.15822419914176,0.6891859669417602
C1CCCC1,-2.64,test,-3.145984768576561,0.5059847685765608
O=C1C=CN(C2OC(CO)C(O)C2O)C(=O)C1,-0.77,test,-1.5378548321548133,0.7678548321548133
CCCCCCCCOCCCCCCCC,-6.3846168146,test,-5.9104215970053,-0.4741952175947004
C=CC(=O)OC1CCC(C(C)(C)C)CC1,-3.539328096,test,-2.842853289862975,-0.6964748061370254
O=C1CCC(=O)O1,-0.2016662739,test,-0.37602119608558876,0.17435492218558876
COc1ccc(N=Nc2ccc(N=Nc3cccc(S(=O)(=O)[O-])c3)cc2OC)cc1.[Na+],-0.8354591701,test,-1.7588777559947375,0.9234185858947375
Nc1c(S(=O)(=O)[O-])cc(Br)c2c1C(=O)c1ccccc1C2=O.[Na+],-1.3055373023,test,-2.0164425837382733,0.7109052814382733
CNC(=O)Oc1cccc2c1OC(C)(C)C2,-2.42,test,-2.7418876613138066,0.32188766131380664
CNC(C)C(O)c1ccccc1,-0.42,test,-1.2656474985395263,0.8456474985395264
NCCCCCCNCCCCCCCCCCC(=O)O,-2.3017,test,-0.48274752087434075,-1.818952479125659
CCOP(=S)(OCC)SCn1c(=O)oc2ccccc21,-5.1905,test,-3.6245862025055757,-1.5659137974944244
CCCCCCCCCC(C)(C)SSC(C)(C)CCCCCCCCC,-7.1279660508000005,test,-5.885058741268124,-1.2429073095318763
CO[Si](CCCN=C=O)(OC)OC,-3.2569810012,test,-2.915466858451122,-0.3415141427488777
Nc1c(OCCOC(=O)Oc2ccccc2)cc(O)c2c1C(=O)c1ccccc1C2=O,-8.0544153113,test,-6.636510384724156,-1.4179049265758437
CC(C)CC(NC(=O)CNC(=O)CN)C(=O)O,-0.11,test,-0.6334377089262064,0.5234377089262064
CN(CC(=O)O)C(=S)SCc1ccccc1,-3.23,test,-3.7734762412821623,0.5434762412821623
CCOP(=S)(OCC)Oc1cnc2ccccc2n1,-4.1322,test,-4.3429090181804915,0.21070901818049137
Cc1cccc([N+](=O)[O-])c1,-2.46,test,-3.1308422529418145,0.6708422529418145
[Fe+3].[K+].[O-2].[O-2],-5.1036019152,test,-3.7483415900648533,-1.3552603251351463
CCN1c2ncccc2C(=O)Nc2c(C)cc(C)nc21,-4.553999999999999,test,-3.3571699725525805,-1.1968300274474188
O=C(CCl)NC(=O)CCl,-2.2304,test,-0.9967815075076188,-1.233618492492381
OC[P+](CO)(CO)CO.[Cl-],0.322,test,0.663727337729282,-0.34172733772928204
CC(C)CC1CC(C)CCO1,-3.0799294807,test,-1.453069323064087,-1.6268601576359132
Cc1ccc2nc3ccccc3c(N)c2c1,-2.39,test,-1.8273312742463252,-0.5626687257536749
Cc1cc(Cl)ccc1OCC(=O)O,-2.503,test,-2.340165823050859,-0.16283417694914126
CCc1nc2[nH]c(=O)[nH]c(=O)c2nc1CC,-2.39,test,-2.7848396108958204,0.3948396108958203
Cc1cc(N)n(-c2ccccc2)n1,-0.9376,test,-1.2098778910918842,0.27227789109188416
COP(=S)(OC)Oc1ccc(SC)c(C)c1,-4.5695,test,-4.373278865429909,-0.1962211345700906
CC(C)OC(=O)c1cccc([N+](=O)[O-])c1C(=O)[O-],-2.3466,test,-2.9840676335497704,0.6374676335497704
O=C1NCCN1CCO,0.8776773261,test,0.4801164208876749,0.3975609052123251
Cc1nc2c(c(=O)n(C)c(=O)n2C)n1C,-1.4493,test,-1.823982748869461,0.37468274886946107
CNC(=O)O/N=C1/C2CC(C[C@@H]2C#N)[C@@H]1Cl,-2.0822,test,-1.7131041707285406,-0.36909582927145923
O=C(c1ccc(F)cc1)c1ccc(F)cc1,-4.3966521847000015,test,-2.9466882656984574,-1.449963919001544
Clc1cc(Cl)c(-c2cc(Cl)ccc2Cl)c(Cl)c1,-7.47,test,-6.897453620323183,-0.5725463796768171
O=C1/C(=N\Nc2ccccc2S(=O)(=O)[O-])C(S(=O)(=O)[O-])=Cc2cc(S(=O)(=O)[O-])cc(Nc3nc(Cl)nc(Nc4ccc(Nc5nc(Cl)nc(Nc6cc(S(=O)(=O)[O-])cc7c6C(=O)/C(=N\Nc6ccccc6S(=O)(=O)[O-])C(S(=O)(=O)[O-])=C7)n5)cc4)n3)c21.[Na+].[Na+].[Na+].[Na+].[Na+].[Na+],-0.6303809029,test,-0.9533954333403417,0.3230145304403417
COC(=O)C(F)(F)F,-0.6479837034,test,-1.1236926737784956,0.4757089703784956
Clc1ccc(-c2cc(Cl)cc(Cl)c2Cl)cc1,-6.77,test,-7.422258986832817,0.652258986832817
CCN1CCCCC1,-1.2757105223,test,-0.25105765558168863,-1.0246528667183115
[C-]#[O+],-2.9287991689,test,-4.128451109549622,1.199651940649622
CCOC(=O)C(C)(C)NC(=O)c1ccccc1,-1.19,test,-3.2196885754934828,2.029688575493483
O=C(O)Cc1ccccc1,-0.89,test,-1.3093873920986876,0.4193873920986876
COC(=O)c1cccc(C)c1S(=O)(=O)NC(=O)Nc1nc(OCC(F)(F)F)nc(N(C)C)n1,-5.69,test,-4.917006388965147,-0.7729936110348534
CCCC1CO1,-0.57344678,test,-0.3747451677407968,-0.19870161225920324
CCCCCCCCCCCCC(=O)O,-3.8126,test,-4.257628292122959,0.4450282921229589
CC(=O)/C(=N\O)c1ccccc1,-2.3676,test,-4.153246377653317,1.785646377653317
CC1(C)C(=O)NC(=O)NC1=O,-1.74,test,-2.227472268347505,0.4874722683475048
CC(=O)N(C)C(=O)COC(=O)c1ccccc1,-2.8664,test,-1.9030660752629776,-0.9633339247370225
CCC(C)O,0.3877,test,0.38264046099383203,0.005059539006167957
NCCNCCO,0.9823282162,test,1.609699144939148,-0.627370928739148
COc1ccc([N+](=O)[O-])cc1N,-1.8832793564,test,-2.327273800188438,0.443994443788438
Cc1cccc(Nc2ccccc2C(=O)O)c1,-5.06,test,-4.7787759995516454,-0.28122400044835416
CC(=O)c1ccc(S(=O)(=O)NC(=O)NC2CCCCC2)cc1,-2.06,test,-3.7085531329012973,1.6485531329012972
COc1ccc2c(c1)N(C[C@H](C)CN(C)C)c1ccccc1S2,-4.2155,test,-4.77064681418859,0.55514681418859
CCOC(=O)C1(C)OC(=O)N(c2cc(Cl)cc(Cl)c2)C1=O,-5.2203,test,-3.9340507717393263,-1.2862492282606737
Cc1nc(C(F)(F)F)c(C(=O)Nc2c(Br)cc(OC(F)(F)F)cc2Br)s1,-5.5186,test,-4.988635715950983,-0.5299642840490169
COc1ccc(S(=O)(=O)[O-])cc1N.Nc1ccc([N+](=O)[O-])c(N)c1.[Cu].[Na+].[Na+].[O-]c1cccc(O)c1,-1.5043501961,test,-0.8946214859561569,-0.6097287101438432
Cn1cc(-c2ccccc2)c(=O)c(-c2cccc(C(F)(F)F)c2)c1,-4.4384,test,-5.096671184780394,0.6582711847803946
COC(=O)CNC(=O)c1ccccc1,-1.0556,test,-2.6150920143127543,1.5594920143127542
CC(C(=O)O)c1cccc(C(=O)c2ccccc2)c1,-3.47,test,-3.494661602581618,0.02466160258161798
CCC1(C)Nc2cccc3cccc(c23)N1,-3.2477605654,test,-4.953298591318967,1.7055380259189672
O=C(O)C1OC(c2ccccc2)OC1C1COC(c2ccccc2)O1,-2.45,test,-1.755163467162725,-0.6948365328372752
C[S-].[Na+],-1.8456684523,test,0.12482522170475949,-1.9704936740047594
NC(N)=S,0.188516266,test,-1.0247178236027488,1.2132340896027487
CC(C)CCCCCCc1ccc(O)cc1,-4.587250024599999,test,-5.385480177376787,0.7982301527767879
CP(=O)(F)OC1CCCCC1,-1.6875,test,-1.532343888021248,-0.1551561119787519
O=C([O-])c1ccccc1.O=C([O-])c1ccccc1.[Zn+2],-1.8168417251,test,-0.9330685302379459,-0.8837731948620541
[P],-6.566718008,test,-3.8203734462763097,-2.74634456172369
O=C(OCCCO)c1ccccc1,-1.2558,test,-2.325109928931937,1.069309928931937
Cc1ccc2cc3c(ccc4ccccc43)c3c2c1CC3,-7.9663,test,-5.240940145681532,-2.7253598543184685
O=c1[nH]c(=O)[nH]c(=O)[nH]1,-1.8076460763,test,-1.4560621267408533,-0.3515839495591466
CCCC(=O)O,-0.1669,test,-0.5570097048972661,0.3901097048972661
CC(C(N)=O)S(=O)(=O)c1ccccc1,-1.64,test,-1.5322741906552122,-0.1077258093447877
CCCCOC(=O)c1ccc(O)c(I)c1,-3.9033,test,-3.9331214815553004,0.029821481555300178
CC(C)=CCC/C(C)=C/COC=O,-3.7461507617,test,-3.0530029852806657,-0.6931477764193343
Nc1ccc2c(c1)C=C(S(=O)(=O)[O-])/C(=N\Nc1ccc3c(c1)C=C(S(=O)(=O)[O-])/C(=N/Nc1ccccc1)C3=O)C2=O.[Na+].[Na+],-2.2101305551,test,-1.6465216265090903,-0.5636089285909098
CCCCCC(=O)CCCCC,-3.5322,test,-2.4660463757697024,-1.0661536242302976
CC[Pb](CC)(CC)CC,-5.4128944571,test,-1.8081507165101285,-3.6047437405898717
CCCCCCCC(=O)SCCC[Si](OCC)(OCC)OCC,-5.8326804614,test,-5.54031126326786,-0.2923691981321399
O=[N+]([O-])c1cccc(P(=O)(O)O)c1,0.6835,test,-1.2734933623299265,1.9569933623299265
Clc1cc(-c2c(Cl)cccc2Cl)c(Cl)c(Cl)c1Cl,-8.13,test,-8.549450200215484,0.41945020021548274
CCCC[P+](CCCC)(CCCC)CCCC.[Br-],0.41483097,test,-2.0444167091479937,2.459247679147994
Cc1cc(O)c(C(C)C)cc1C(=O)CCl,-2.58,test,-2.690638073134897,0.11063807313489704
CC1(C)[C@@H](C=C(Cl)Cl)[C@H]1C(=O)OCc1cccc(Oc2ccccc2)c1,-6.99,test,-6.124594333322282,-0.8654056666777183
CN(C)P(=O)(N(C)C)N(C)C,0.7467,test,0.21918509749945686,0.5275149025005432
CCCCc1ccc(C(=O)O)c(C(=O)O)c1CCCC,-4.4,test,-2.324490761734748,-2.0755092382652522
N[C@@H](CCC(=O)[O-])C(=O)[O-].[Na+].[Na+],0.3719654625999999,test,-0.8794624266587737,1.2514278892587736
CCCC(=O)OCC,-1.36,test,-1.0570486905897418,-0.3029513094102583
O=C([O-])C(=O)[O-].[Sn+2],-2.2740087187,test,-2.037234874257043,-0.23677384444295724
CN(C)c1nc2ncncc2[nH]1,-1.3885,test,-0.6359452920840434,-0.7525547079159567
c1ccc2n[nH]nc2c1,-0.7794,test,-2.0169823314647504,1.2375823314647505
CCOC(=O)CNC(=O)OCC,-0.2435,test,-1.487319165512012,1.2438191655120119
CCOC(=O)C1C(C=C(C)C)C1(C)C,-4.7652682741,test,-3.9892426592561607,-0.7760256148438396
CC1(C)[C@H]2C[C@@H]3O[C@]3(C)[C@@H]1C2,-2.5936884915,test,-2.341046609587315,-0.2526418819126852
O=C(O)CC(C(=O)O)(c1ccccc1)c1ccccc1,-2.4318,test,-2.548890011387342,0.11709001138734187
CC(=O)OCCN(CCC#N)c1ccc(N=Nc2nc3ccc([N+](=O)[O-])cc3s2)cc1,-4.3409088983,test,-6.2747808423169,1.9338719440168992
c1nc[nH]n1,1.0058274476,test,-0.7977425308717048,1.8035699784717047
O=P([O-])([O-])O.[Ca+2],-2.9490262679000003,test,-1.0345024263520564,-1.914523841547944
Clc1cc(Cl)cc(Oc2ccc(Cl)cc2Cl)c1,-7.14,test,-7.1178788700267805,-0.022121129973219134
c1ccc(NNc2ccccc2)cc1,-2.9210000000000003,test,-3.000465464266418,0.07946546426641765
N#Cc1ccncc1,-0.4154,test,-0.6335499361994307,0.21814993619943068
CCCCCOC(=O)CCCNC(=O)NC1CCCCC1,-2.3,test,-2.7292588437163947,0.4292588437163949
O=C(O)c1ccc(Cl)c(N=Nc2ccc(O)cc2)c1,-4.08,test,-3.844823288646473,-0.23517671135352725
CC(Cl)(Cl)C(=O)O,0.5455,test,-0.11346525858089741,0.6589652585808974
CN(CC(=O)NCCC(=O)Nc1nnc(S(N)(=O)=O)s1)C(=N)N,-1.13,test,-1.8673778457414412,0.7373778457414413
CCOc1ccccc1NC(=O)C(=O)Nc1ccccc1CC,-6.0175466725,test,-3.341668654306502,-2.675878018193498
Cc1cc(C)cc(N)c1,-1.4022004623,test,-1.4295459902691454,0.027345527969145467
CC(F)(Cl)Cl,-2.4448,test,-1.8660472990441714,-0.5787527009558284
NNC(=O)C(O)C(O)C(O)C(O)CO,-0.4985,test,0.25941851867424714,-0.7579185186742472
CC(C)CC(N)C(=O)NCC(=O)NCC(=O)O,0.31,test,-0.7126847655087626,1.0226847655087625
O=S(=O)(O)c1cc(O)c2cc(Nc3ccccc3)ccc2c1,-1.9763,test,-2.6264939853068388,0.6501939853068388
Clc1ccc(-c2c(Cl)c(Cl)cc(Cl)c2Cl)cc1Cl,-8.48,test,-8.24940350981658,-0.2305964901834212
CC(CCC(=O)O)C1CCC2C3CCC4CC(O)CCC4(C)C3CCC12C,-7.34,test,-5.008099072426198,-2.331900927573802
Clc1ccc(-c2ccccc2Cl)c(Cl)c1,-6.4902,test,-6.401611830206643,-0.08858816979335682
O=S(=O)(O)c1ccccc1,0.8489070931,test,-0.6149317474338059,1.4638388405338059
Nc1ccc(S(=O)(=O)Nc2ccccn2)cc1,-2.7,test,-2.466355210510936,-0.2336447894890643
CNC(=O)N(c1ccccc1)c1ccccc1,-2.9839461582,test,-1.3705132253788102,-1.61343293282119
Cc1ccc([N+](=O)[O-])cc1N/N=C1\C(=O)C(C(=O)Nc2ccccc2)=Cc2ccccc21,-7.5579677799,test,-7.0430384119302305,-0.5149293679697697
CC(=O)c1ccc(OC2OC(CO)C(O)C(O)C2O)cc1,-1.17,test,-1.0623681085020664,-0.10763189149793351
COc1ccc(NC(N)=O)cc1,-1.5917,test,-2.2708699458859716,0.6791699458859717
CCCCCCCC(=O)Oc1c(Br)cc(C#N)cc1Br,-6.7023,test,-5.769814204141719,-0.9324857958582813
O.O=C(O)CC(O)(CC(=O)O)C(=O)O,0.6774954055,test,-0.19046283050008692,0.8679582360000869
CCCCCCCC/C=C\CCCCCCCC(=O)OCC(C)(C)COC(=O)CCCCCCC/C=C\CCCCCCCC,-7.102471438899999,test,-8.318636850158775,1.2161654112587756
Fc1ccc(I)cc1,-3.1257,test,-3.283345997628609,0.15764599762860865
COP(=O)(OC)O/C(C)=C/C(=O)N(C)C,0.6249,test,0.869480040917485,-0.24458004091748498
CCN(CC)c1nc(Cl)nc(NC(C)C)n1,-3.7849,test,-4.764408815084328,0.9795088150843276
O=c1oc2ccc(Cl)cc2n1CO,-2.7,test,-2.3719143297617213,-0.32808567023827884
CCN(CC)C(=O)n1cnc(S(=O)(=O)c2c(C)cc(C)cc2C)n1,-5.1467,test,-2.299559351461341,-2.8471406485386592
O=C(O)CC(C(=O)O)C(CC(=O)O)C(=O)O,-0.18,test,0.1407834219912093,-0.3207834219912093
O=[N+]([O-])c1cc2cccnc2c2ncccc12,-3.9172,test,-3.914105777397831,-0.003094222602168628
Nc1cc(S(=O)(=O)O)cc2cc(S(=O)(=O)[O-])cc(O)c12.[Na+],-1.476228892,test,-1.1806881927924329,-0.2955406992075671
CCOC(OCC)C(Cl)(Cl)Cl,-1.6464,test,-3.563185364396578,1.916785364396578
CC(C)CC(NC(=O)C(C)NC(=O)CN)C(=O)NC(C(=O)O)C(C)C,-2.13,test,-0.33108264250483144,-1.7989173574951685
Cn1c(C(N)=O)c(C(N)=O)c2ccccc21,-1.8184,test,-1.8511770613075225,0.03277706130752245
C/C=C/C#N,-0.4287,test,-0.8910202502932273,0.46232025029322726
O=[Si]=O,-3.6026675784,test,-2.970038608012027,-0.632628970387973
OC(CCN1CCCC1)(c1ccccc1)C1CCCCC1,-4.7,test,-3.269139967168813,-1.4308600328311871
OCCCl,1.0941285967,test,0.9542026972042348,0.13992589949576528
CC(=O)OCC(=O)C1(O)CCC2C3CCC4=CC(=O)C=CC4(C)C3C(=O)CC21C,-4.24,test,-4.3407699580452235,0.10076995804522326
CCCCCCBr,-3.8078,test,-5.5621140864674,1.7543140864673998
O=C1CC2CCC1C2,-1.7565,test,-2.8830518549282678,1.1265518549282678
CCC1OCCO1,0.2919,test,0.236157282008307,0.055742717991693
CCCCCCN1CC(C(=O)OC)CC1=O,-1.246,test,-3.5069511341020636,2.2609511341020636
CC(=O)[c-]1c(=O)cc(C)oc1=O.[Na+],0.0845613317,test,-0.5938851797131454,0.6784465114131454
C=CC(=O)OCC(C)CC,-2.6532064055,test,-1.7867758910300657,-0.8664305144699345
S=C=NCc1ccccc1,-3.1364,test,-3.7432526702823177,0.6068526702823176
Cc1occc(=O)c1O,-1.063,test,-1.6445059880319706,0.5815059880319706
CCCC[Sn](Cl)(Cl)CCCC,-3.5188,test,-2.7321179113926806,-0.7866820886073196
O=C(Nc1cc(Cl)c(NC(=O)C2=Cc3ccccc3/C(=N\Nc3cc(C(F)(F)F)ccc3Cl)C2=O)cc1Cl)C1=Cc2ccccc2/C(=N/Nc2cc(C(F)(F)F)ccc2Cl)C1=O,-7.6922433716,test,-7.780307930139875,0.08806455853987494
O=C(O)CCc1ccccc1,-1.4057514128,test,-2.0021212346756077,0.5963698218756077
Nc1ncc2ncn(CCC3COC(=O)OC3)c2n1,-1.43,test,-1.7879268582763077,0.35792685827630777
O=S1OC[C@@H]2[C@H](CO1)[C@]1(Cl)C(Cl)=C(Cl)C2(Cl)C1(Cl)Cl,-5.9563,test,-5.981836692415513,0.02553669241551315
CC(=O)Nc1ccc([N+](=O)[O-])cc1,-2.69,test,-2.984027598073274,0.29402759807327383
CC(C)OC(=O)CCCCCCCCC(=O)OC(C)C,-5.1559612143,test,-4.550394772049931,-0.6055664422500691
CC(C)(c1cc(Br)c(O)c(Br)c1)c1cc(Br)c(O)c(Br)c1,-5.6941064111,test,-5.877477250126006,0.18337083902600604
CC1C(=O)CCC2C(O)CCC(O)C12,-0.3,test,-1.5191903852253525,1.2191903852253525
Clc1ccc(Cl)c(Cl)c1Cl,-4.5619,test,-5.710919796208094,1.1490197962080941
OC(c1ccccc1)c1ccccc1,-2.5494,test,-1.0985592402993412,-1.4508407597006587
C=C(C)C(=O)[O-].[Zn+2],-2.3632080977000003,test,0.07636366097624414,-2.4395717586762444
Cc1cc(O)ccc1OP(=O)(Oc1cc(O)ccc1C)Oc1c(C)cccc1O,-6.7,test,-4.370284602768708,-2.3297153972312925
CC(=O)OCCN(CCOC(C)=O)c1ccc(N=Nc2ccc([N+](=O)[O-])cc2C#N)cc1,-7.300465045499999,test,-5.95887350270603,-1.341591542793969
Oc1ccc(Cl)cc1Cc1ccccc1,-3.1666,test,-3.0051423884189172,-0.16145761158108263
CC/C(N=O)=C(/CC)NO,-2.5525,test,-1.6457269254108386,-0.9067730745891616
O=[Mo](=O)([O-])[O-].[Co+2],-2.6343205414,test,-3.1718971031682317,0.5375765617682315
CCCCC(CC)C(=O)[O-].CCCCC(CC)C(=O)[O-].[Zn+2],0.4554354087,test,-3.410883119038948,3.8663185277389482
O=C1c2cccc(S(=O)(=O)O)c2C(=O)c2c1cccc2S(=O)(=O)O,1.2572,test,-2.231983298249823,3.489183298249823
CNS#CNCO,-0.0798,test,1.2570070738367687,-1.3368070738367688
Clc1ccc(-c2c(Cl)c(Cl)cc(Cl)c2Cl)cc1,-7.88,test,-8.0210877779675,0.14108777796749994
CC(C)Cc1ccc(C(C)C(=O)O)cc1,-3.9922483547000014,test,-2.6840818379712053,-1.3081665167287961
O=C1c2c(Cl)c(Cl)c(Cl)c(Cl)c2C(=O)C1c1ccc2cccc(N3C(=O)c4c(Cl)c(Cl)c(Cl)c(Cl)c4C3=O)c2n1,-7.7273960926,test,-6.338325163217318,-1.3890709293826822
CN1CC(=O)N=C1N,-0.1499,test,-0.7098667120372901,0.5599667120372901
CC(CC=O)c1ccccc1,-1.86983286,test,-2.5727260623184205,0.7028932023184205
CCCOC(=O)Oc1ccc(NC(C)=O)cc1,-2.57,test,-2.586661773043891,0.01666177304389116
NS(=O)(=O)c1cc2c(s1)CC(O)CS2(=O)=O,-1.59,test,-2.471571804289437,0.8815718042894367
CN1CCC23CCCCC2C1Cc1ccc(O)cc13,-2.72,test,-3.2585806450835273,0.5385806450835271
C[C@@H]1O[C@@H](O[C@@H]2[C@H](C)O[C@@H](O[C@H]3[C@H](OS(=O)(=O)O)[C@H](O[C@@H]4[C@H](C)O[C@@H](O)[C@@H](OS(=O)(=O)O)[C@@H]4OS(=O)(=O)O)O[C@@H](C)[C@H]3O)[C@@H](OS(=O)(=O)O)[C@@H]2OS(=O)(=O)O)[C@@H](OS(=O)(=O)O)[C@H](O[C@@H]2O[C@@H](C)[C@@H](O)[C@@H](OS(=O)(=O)O)[C@@H]2OS(=O)(=O)O)[C@@H]1O.O=C(O)[C@H]1O[C@@H](O[C@@H]2[C@@H](C(=O)O)O[C@@H](O)[C@@H](O)[C@H]2O)[C@@H](O)[C@@H](O)[C@@H]1O.OC[C@@H](O)[C@@H](O)[C@H](O)[C@H](O)CO,-0.5892058636,test,-0.19870682348399032,-0.3904990401160097
N=C1C=CC2=CC(S(=O)(=O)[O-])=CC(=O)C2=C1NNc1ccccc1C(F)(F)F.[Na+],-2.0686300615,test,-2.107399348948036,0.03876928744803587
O=C(O)c1cc(/N=N/c2ccc(S(=O)(=O)Nc3ccccn3)cc2)ccc1O,-6.14,test,-4.8967166693876685,-1.2432833306123312
CCc1nc2cnc(O)nc2nc1CC,-2.2644,test,-1.0938950699685996,-1.1705049300314005
CCCNC(=O)COC(=O)c1ccccc1,-2.5387,test,-2.6335046984621675,0.09480469846216755
CC(=O)C(=O)Nc1ccccc1,-1.3676,test,-2.6333159699878887,1.2657159699878888
Nc1ccc(N=Nc2ccc(N=Nc3c(S(=O)(=O)[O-])cc4c(c3N)C(=O)/C(=N\Nc3ccc(N=Nc5ccc(N)cc5N)cc3)C(S(=O)(=O)[O-])=C4)cc2)c(N)c1.[Na+].[Na+],-1.5687181444,test,-1.0938947383120605,-0.4748234060879395
CC(C)(C)c1ccccc1,-3.658,test,-3.919089665868153,0.2610896658681532
CCCCCCCOC(=O)c1cccnc1,-2.7429,test,-3.5261500658917253,0.7832500658917252
NS(=O)(=O)c1nnc(NS(=O)(=O)c2ccc(Br)cc2)s1,-2.13,test,-2.1321961313872198,0.0021961313872198573
C=CCSC(CCC(SCC=C)C(=O)O)C(=O)O,-2.2,test,-1.9843092630562351,-0.21569073694376506
Clc1cccc(-c2c(Cl)cccc2Cl)c1,-6.8245,test,-6.80372903473629,-0.020770965263709584
CCc1c[nH]c(=O)nc1N,-1.0197,test,-1.9296958892970362,0.9099958892970361
COCC1(C)OC(=O)N(c2cc(Cl)cc(Cl)c2)C1=O,-4.66,test,-4.987944769616532,0.32794476961653185
NC(=O)CNC(=O)OCc1ccccc1,-1.88,test,-2.042816576144654,0.16281657614465406
Nc1ccc(N=Nc2ccccc2)c(N)c1.[Cl-].[H+],-4.0947,test,-1.3208279474343203,-2.7738720525656793
CC(=O)OCCCOC(C)=O,-0.2046,test,-0.7000399136415115,0.4954399136415115
COCCN(CCOC)C(=O)COC(=O)c1ccccc1,-1.57,test,-1.73454695371359,0.16454695371358996
Cc1ccc(S(N)(=O)=O)cc1N,-1.9169,test,-2.0334738975866395,0.1165738975866395
O=C(Nc1ccc2c(c1)C=C(S(=O)(=O)[O-])/C(=N/Nc1ccc(N=Nc3ccc(S(=O)(=O)[O-])cc3)cc1S(=O)(=O)[O-])C2=O)Nc1ccc2c(c1)C=C(S(=O)(=O)[O-])/C(=N/Nc1ccc(N=Nc3ccc(S(=O)(=O)[O-])cc3)cc1S(=O)(=O)[O-])C2=O.[Na+].[Na+].[Na+].[Na+].[Na+].[Na+],-0.5694985454,test,-1.8819187628685372,1.3124202174685373
CCNc1nc(NC(C)C(C)C)nc(SC)n1,-3.7082,test,-3.795140978677867,0.08694097867786699
O=c1[nH]c(=O)n(Cc2ccccc2)cc1F,-2.65,test,-2.8165637053072032,0.16656370530720332
CN/C(=C\[N+](=O)[O-])NCCSCc1ccc(CN(C)C)o1,-2.5,test,-1.9024809812113264,-0.5975190187886736
Cc1[nH]cnc1S(=O)(=O)O,0.188,test,-0.3564671579445593,0.5444671579445592
COC1=CC(=O)CC(C)C12Oc1c(Cl)c(OC)cc(OC)c1C2=O,-3.97,test,-3.5571574151287795,-0.4128425848712207
COc1cc(Oc2ccc(Cl)cc2Cl)ccc1[N+](=O)[O-],-5.91,test,-4.818114883812397,-1.091885116187603
CC[C@H](C)[C@H](N)C(=O)O,-0.5029538568,test,-0.32518548895561633,-0.1777683678443837
O=C1C(S(=O)(=O)O)=C(O)c2ccccc21,-2.23,test,-3.3791421712724325,1.1491421712724326
Cc1ccc(N)c([N+](=O)[O-])c1,-1.860061225,test,-2.5823292002962774,0.7222679752962775
NC(=S)Nc1cccc([N+](=O)[O-])c1,-1.4499,test,-2.9501470745104967,1.5002470745104968
O=[W]=O,-5.9557300071000006,test,-3.5328797100067053,-2.4228502970932952
CC(C)(c1ccccc1)c1ccc(Nc2ccc(C(C)(C)c3ccccc3)cc2)cc1,-7.782007082100001,test,-6.3931835813238,-1.3888235007762004
Cc1cc(C)cc(OCC(=O)O)c1,-2.3527,test,-2.381640593527889,0.028940593527889025
O=C1NC2C(O)C(O)C(O)C(O)C2c2cc3c(c(O)c21)OCO3,-3.8,test,-2.059875155434413,-1.740124844565587
C=CC(C)(CCC=C(C)C)OC(=O)CC,-4.3823578934,test,-4.4262435275941,0.0438856341941003
O=C(O)Cc1ccccc1Oc1ccc(Cl)cc1Cl,-4.86,test,-4.179984113954729,-0.680015886045271
CC(C)(N)CO,1.0499,test,0.614881161089229,0.4350188389107711
Cc1c(Cl)c(O)c(Cl)c(Cl)c1Cl,-4.6021,test,-4.671306336307668,0.06920633630766826
CC(C)(C)NSc1nc2ccccc2s1,-5.136722389,test,-4.4662983473246864,-0.6704240416753136
C=CC(=O)CCC,-0.83,test,-0.9847860113351861,0.1547860113351861
Clc1cc(Cl)cc(-c2c(Cl)cc(Cl)cc2Cl)c1,-7.92,test,-8.23736321111915,0.3173632111191509
CSCCC(NC(C)=O)C(=O)O,0.03,test,-1.146676185443658,1.176676185443658
O=C(Cc1ccc(-c2ccccc2)cc1)OCCF,-5.01,test,-3.8580553899619505,-1.1519446100380493
CCC(C)C(C)C,-4.2808,test,-3.0372603096295623,-1.2435396903704379
CCCCCCCC/C=C/CCCCCCCCNCCCNCCCNCCCN,-3.8360757577,test,-5.025680275936805,1.1896045182368051
O=C(CCCN1CCC(O)(c2ccc(Cl)cc2)CC1)c1ccccc1,-3.35,test,-3.2751379640429303,-0.07486203595706975
CC(=O)CC(=O)C(C)(C)C,-1.63,test,-0.9459576678857754,-0.6840423321142245
CN1CCN(C(c2ccccc2)c2ccccc2)CC1,-2.4255,test,-1.221239854742118,-1.204260145257882
CC1COCc2cc3c(cc21)C(C)(C)C(C)C3(C)C,-5.1693,test,-4.3318296346470495,-0.8374703653529503
Cc1cc(C)c(C)cn1,-0.7824,test,-1.5247906540263414,0.7423906540263414
O=c1[nH]cnc2c1ncn2C1CCC(CO)O1,-0.94,test,-1.3404459429204938,0.40044594292049385
CCC1(CC)CCC(=O)N(CO)C1=O,-3.96,test,-1.6295373143286394,-2.3304626856713604
Clc1cccc2c(Cl)cccc12,-5.7,test,-4.451403607678939,-1.248596392321061
CCCCCCCC/C=C/CCCCCCCC(=O)OCCCCCCCCCCCC,-6.9550061959,test,-7.337053494607629,0.38204729870762844
CCOC(=O)c1ccc(N=CN(C)c2ccccc2)cc1,-5.4507770249,test,-2.0572333398559377,-3.393543685044062
NC(=O)N=NC(N)=O,-3.5462434596,test,0.005003460175326056,-3.551246919775326
CCCCOC(=O)CCC,-2.3610477791,test,-2.804540550029669,0.443492770929669
Cc1ccc(C(=O)[O-])cc1C,-3.0653,test,-1.8069350330841634,-1.2583649669158368
NS(=O)(=O)c1ccc(CCCCO)cc1,-1.1931,test,-1.4723233964452096,0.27922339644520955
COc1cc(-c2ccc(N=NC(C(C)=O)C(=O)Nc3ccccc3)c(OC)c2)ccc1N=NC(C(C)=O)C(=O)Nc1ccccc1,-8.6167666964,test,-3.2837609477397955,-5.333005748660204
CCS,-0.8459165595999999,test,-1.4245356266997868,0.5786190670997869
Nc1cnn(CCO)c1N.O=S(=O)(O)O,0.4442593444,test,-1.7568189820168283,2.201078326416828
O=Cc1ccccc1O[C@@H]1O[C@H](CO)[C@@H](O)[C@H](O)[C@H]1O,-1.1985,test,-1.7122018858210017,0.5137018858210018
C=CC(=O)OCCOCC(CC)(COCCOC(=O)C=C)COCCOC(=O)C=C,-2.687445856,test,-3.3675921457595996,0.6801462897595996
CCOc1ccc(Nc2ccc(S(=O)(=O)N(C)C)cc2[N+](=O)[O-])cc1,-4.2617516212,test,-4.194209748863057,-0.06754187233694342
O=C(O)[C@@H](O)[C@@H](O)[C@@H](O)[C@@H](O)C(=O)O,-0.3225,test,-0.018886864213228046,-0.30361313578677196
Nc1nc(N)nc(-c2ccccc2)n1,-2.4941685135,test,-3.1079727092625817,0.6138041957625817
Cc1cc(N=Nc2ccccc2C)ccc1N,-4.05,test,-4.21073718969698,0.16073718969698003
c1ccc2nc3ccccc3nc2c1,-3.7,test,-2.641760821620042,-1.0582391783799583
CN(C)Cc1cc(CN(C)C)c(O)c(CN(C)C)c1,0.5055163708,test,-1.1641524332439321,1.669668804043932
COc1cc(C=O)cc([N+](=O)[O-])c1O,-2.4496899299,test,-2.273678127838392,-0.17601180206160771
CC(COC(=O)c1ccccc1)OC(=O)c1ccccc1,-4.5673029377,test,-2.5262796195522124,-2.0410233181477877
Clc1ccc(-c2c(Cl)cc(Cl)c(Cl)c2Cl)cc1,-7.95,test,-8.017890049557941,0.06789004955794109
Cn1c(N)cc(=O)n(C)c1=O,-1.4535787311,test,-1.616307437130974,0.1627287060309741
CC(C)(C)CCO,-1.1308,test,-2.019589222777189,0.888789222777189
CCCN(CCC)C(=O)SCC,-2.7031744039,test,-2.394880028053339,-0.308294375846661
Oc1cccc(Cl)c1Cl,-1.6559,test,-2.468862610796464,0.8129626107964643
O=C1C(O)=C(O)O[C@@H]1[C@H](O)C[O-].[Na+],-0.1325447734,test,-0.5540018167642516,0.4214570433642516
Nc1ccc2ccccc2c1N=Nc1ccccc1,-5.916,test,-3.9558960353645842,-1.9601039646354161
CCCCCCCCCCCC#N,-5.2899699473,test,-4.34201390742148,-0.9479560398785205
COc1cc([C@@H]2c3cc4c(cc3[C@H](O)[C@H]3COC(=O)[C@@H]23)OCO4)cc(OC)c1OC,-3.6174,test,-4.561960002346815,0.9445600023468153
O=C1c2ccccc2C(=O)c2c1ccc1[nH]c(-c3cc(Cl)c(-c4nc5c6c(ccc5[nH]4)C(=O)c4ccccc4C6=O)cc3Cl)nc21,-4.524775941100001,test,-6.3085460153542385,1.783770074254238
O=[N+]([O-])c1cccc(OC2OC(CO)C(O)C(O)C2O)c1,-1.28,test,-1.969788504338472,0.6897885043384719
O=C(Nc1ccc(Cl)cc1)c1cccc([N+](=O)[O-])c1O,-4.5452,test,-4.107480333009302,-0.43771966699069864
CSCOC(=O)c1ccccc1OC(C)=O,-2.6404,test,-3.404307174205625,0.7639071742056247
O=P1(N(CCCl)CCCl)NCCCO1,-0.8147,test,-0.09865619427791478,-0.7160438057220853
O=c1c2cnn(CO)c2ncn1CO,-1.72,test,-2.1031770232499674,0.3831770232499674
N=C(N)c1cccc(NC(=O)Nc2cccc(C(=N)N)c2)c1,-1.77,test,-2.7275482845173524,0.9575482845173524
O=c1[nH]c2c(c(=O)n1C1CCCCC1)CCC2,-4.5916,test,-1.7217452599872223,-2.8698547400127774
Cc1ccccc1N=C(N)Nc1ccccc1C,-3.5338845835000003,test,-2.528213339976783,-1.0056712435232171
c1ccncc1,0.76,test,0.9189176031539037,-0.15891760315390369
CCCCCCCCCCCC,-6.41,test,-5.92652852296161,-0.4834714770383899
CCCCCCCCCCCCCCCC(=O)N1C(=O)CC[C@H]1C(=O)[O-].[Na+],-4.0223191178,test,-1.1642726675623554,-2.8580464502376453
Clc1cc(-c2cc(Cl)c(Cl)c(Cl)c2Cl)cc(Cl)c1Cl,-8.7202,test,-8.519001697210543,-0.20119830278945727
C=CC(=O)OCCCC,-1.8773408513,test,-2.1666843696470073,0.2893435183470072
CC(C)CC(NC(=O)C(N)Cc1ccc(O)cc1)C(=O)O,-2.07,test,-2.506109758165833,0.4361097581658333
CC1=NN(c2cc(Cl)c(S(=O)(=O)[O-])cc2Cl)C(=O)C1N=Nc1cccc(S(=O)(=O)NCCc2ccccc2)c1.[Na+],-2.4299809947,test,-2.1142235829251943,-0.3157574117748059
C=C(C)CS(=O)(=O)[O-].[Na+],0.5194215084,test,0.34418122144140745,0.17524028695859256
C=CC(=O)OCC,-0.74,test,-0.8053421623664752,0.06534216236647516
Nc1cc(Cl)ccc1Cl.[Cl-].[H+],-2.0750002801,test,-2.02510492344909,-0.04989535665090994
O=C(Nc1cc2c3cc(NC(=O)c4ccccc4)c4c(=O)c5ccccc5c(=O)c4c3[nH]c2c2c(=O)c3ccccc3c(=O)c12)c1ccccc1,-4.5222231174,test,-5.658115732211199,1.1358926148111985
COc1ccc(C(=O)CCC(=O)O)cc1,-1.0632,test,-3.0735566170290753,2.0103566170290756
Cc1ccc(OP(=O)(Oc2ccc(C)cc2)Oc2ccc(C)cc2)cc1,-6.0892,test,-5.143512987437168,-0.945687012562832
COc1ccc(O)c(C(=O)C=Cc2ccccc2)c1,-6.0,test,-5.915237401617856,-0.08476259838214428
CNC(=O)N(C)C(=O)CC#N,0.1709,test,0.47037103931997204,-0.29947103931997204
CCSSCC,-2.42,test,-2.370931414278751,-0.04906858572124895
C[C@]1(Cn2ccnn2)[C@H](C(=O)O)N2C(=O)C[C@H]2S1(=O)=O,-1.8384616763,test,-1.6778126539010878,-0.1606490223989121
CC(=O)N=c1sc(S(N)(=O)=O)nn1C,-1.92,test,-1.934610514918541,0.014610514918541151
CONC(=O)c1cn(C)c(=O)c(C)c1Nc1ccc(Br)cc1F,-3.28,test,-3.8105781766282942,0.5305781766282944
CC(C)OC(=O)[C@H](C)N(C(=O)c1ccccc1)c1ccc(F)c(Cl)c1,-4.561,test,-4.776017173343023,0.21501717334302306
COP(=O)(OC)O/C(=C/Cl)c1cc(Cl)c(Cl)cc1Cl,-4.5221,test,-4.1289023959253965,-0.39319760407460347
CCc1cc(CC)cc(OC(=O)NC)c1,-3.32,test,-2.624770078996529,-0.6952299210034707
c1ccc(N=Nc2ccccc2)cc1,-4.4544,test,-4.992657692068831,0.5382576920688313
CCCCCCC(C/C=C\CCCCCCCC(=O)O)OS(=O)(=O)O,-0.5781,test,-1.4297275614561775,0.8516275614561776
C[As](=O)(O)O,0.2622,test,0.49391572442654275,-0.23171572442654276
C[C@]12C[C@H](O)[C@H]3[C@@H](CCC4=CC(=O)CC[C@@]43C)[C@@H]1CC[C@]2(O)C(=O)CO,-3.1121092438,test,-3.5688531311357035,0.4567438873357035
CCC(C)(C)O,0.1266596907,test,-0.08824189598323526,0.21490158668323525
Oc1cc(Cl)cc(Cl)c1,-1.5590000000000002,test,-2.5860537334965983,1.0270537334965981
CCCCCCC1(C)CCC(=O)O1,-2.6432618239,test,-4.082901525121517,1.4396397012215165
c1cn[nH]c1,1.2878896498,test,-0.5506647090712349,1.838554358871235
N#Cc1ccc2c(c1)N(CCCN1CCC(O)CC1)c1ccccc1S2,-3.98,test,-4.63439020720518,0.6543902072051799
Clc1ccc(-c2ccc(Cl)cc2)cc1,-6.5561,test,-6.056016626303854,-0.5000833736961461
CCOP(=S)(OCC)SCCS(=O)(=O)CC,-2.5403,test,-3.10414667674309,0.5638466767430903
Cc1ccccc1NC(=O)c1cc2ccccc2cc1O,-4.6234419541000005,test,-5.454931947874921,0.8314899937749205
c1ccc2cc3c(cc4c5c(cccc53)CC4)cc2c1,-2.97,test,-7.6656729654353395,4.695672965435339
O=C(O)C1=CC(=O)C(=O)C(=C(O)O)O1,-1.3769999999999998,test,-0.854652828208537,-0.5223471717914627
CCN(c1ccccc1)c1nc(Cl)nc(Nc2cc(S(=O)(=O)[O-])cc3cc(S(=O)(=O)[O-])c(N=Nc4ccc5c(S(=O)(=O)[O-])cccc5c4S(=O)(=O)[O-])c(O)c23)n1.[Na+].[Na+].[Na+].[Na+],-0.5025263499,test,-0.6799599254218145,0.1774335755218145
CC1CC2C(C(O)CC3(C)C2CCC3(O)C(=O)COC(=O)CCC(=O)O)C2(C)C=CC(=O)C=C12,-4.2,test,-3.8480150693167867,-0.35198493068321346
O=c1ncc2[nH]c(=O)[nH]c2[nH]1,-3.6,test,-1.6706451993002096,-1.9293548006997905
NC(Cc1cnc[nH]1)C(=O)O,-0.5314,test,-0.7110749951797145,0.17967499517971453
CC(=O)C=C(C)[O-].CC(=O)C=C(C)[O-].[Co+2],-1.6975300994,test,-1.083851406524282,-0.6136786928757181
CCCCCCCCCCCCCCCCCC(=O)O.NCCNCCNCCNCCN,-4.9604194489,test,-4.651187648614145,-0.30923180028585495
Clc1ccc(-c2ccccc2)c(Cl)c1,-5.2878,test,-6.008413334560098,0.720613334560098
O=C([O-])CN(CCN(CC(=O)[O-])CC(=O)[O-])CCN(CC(=O)[O-])CC(=O)[O-].[Na+].[Na+].[Na+].[Na+].[Na+],0.2012984367,test,-0.09695845438188183,0.2982568910818818
OC(c1ccccc1)c1ccc(Cl)cc1,-3.4886,test,-2.2851193859759333,-1.2034806140240666
CCCCNC(=O)Oc1cc(/C=C(/C#N)C(=O)N(CC)CC)cc([N+](=O)[O-])c1O,-2.32,test,-3.734844917084072,1.4148449170840722
C=CC(=O)OC(C)COCC(C)OC(=O)C=C,-1.6682980883,test,-1.0938227229228588,-0.5744753653771413
Cc1cc(Cl)c(Cl)c(Cl)c1Cc1ccc(Cl)cc1,-7.44,test,-7.6579571296399775,0.21795712963997715
CCOC(=O)COC(=O)c1cc(Oc2ccc(C(F)(F)F)cc2Cl)ccc1[N+](=O)[O-],-5.8729,test,-6.860528887435616,0.9876288874356165
CCN1CC(=O)N=C1N,-0.165,test,-1.2540464150708468,1.0890464150708468
CC(=O)C(N=Nc1ccc(C)cc1[N+](=O)[O-])C(=O)Nc1ccc(Cl)cc1,-7.6052980935,test,-7.430484101701333,-0.17481399179866663
CCCCCCCOC(=O)c1ccccc1C(=O)OCCCCCCC,-8.56,test,-6.226106800514428,-2.3338931994855727
CCCOC(=O)C(C)c1ccc2cc(OC)ccc2c1,-5.82,test,-5.086251332282775,-0.7337486677172249
CC(=O)OC(C)C,-0.5467680909,test,-1.1202941617639524,0.5735260708639524
O=C(O)c1ccccc1C(=O)c1ccc(Cl)cc1,-2.7171,test,-3.963214009326829,1.246114009326829
O=C(O)c1cc(Cl)ccc1O,-1.237,test,-3.048253664621288,1.811253664621288
Cn1nc(S(N)(=O)=O)sc1=NS(=O)(=O)c1ccc([N+](=O)[O-])cc1,-2.7,test,-2.6034918553381003,-0.09650814466189983
CC1=CC(C)C(CO)C(C)C1,-2.3711973931,test,-0.9450592664640919,-1.4261381266359083
O=C([O-])c1cc(S(=O)(=O)[O-])ccc1NN/C(=N\Nc1cc(S(=O)(=O)[O-])cc([N-]c2nc(Cl)nc(N=C3C=C(S(=O)(=O)[O-])C(=Nc4nc(Cl)nc(Nc5cccc(S(=O)(=O)[O-])c5)n4)C=C3S(=O)(=O)[O-])n2)c1[O-])c1ccccc1.[Cu+2].[H+].[Na+].[Na+].[Na+].[Na+].[Na+],-0.8254112341,test,-1.358704699526263,0.5332934654262631
OCC1OC2OC3C(CO)OC(OC4C(CO)OC(OC5C(CO)OC(OC6C(CO)OC(OC7C(CO)OC(OC8C(CO)OC(OC9C(CO)OC(OC1C(O)C2O)C(O)C9O)C(O)C8O)C(O)C7O)C(O)C6O)C(O)C5O)C(O)C4O)C(O)C3O,-0.75,test,-1.0591394188583385,0.3091394188583385
O=C(Nc1ccc(Cc2ccc(NC(=O)NC3CCCCC3)cc2)cc1)NC1CCCCC1,-5.142667396,test,-6.10852495970286,0.9658575637028601
Cc1ccc(P(=O)(O)O)c(C)c1,-1.0938,test,-1.6257210440384604,0.5319210440384603
O.O=P[O-].[Na+],0.8546356528,test,0.6127871835974015,0.2418484692025985
CCCCOCCOCCO,0.7899,test,-0.0048853080462088385,0.7947853080462088
CC12CCC3C(CCC4C(C)(C)CCCC43C)(CO1)O2,-5.6453848366,test,-4.121379290006238,-1.524005546593762
O=C(O)[C@@H]1CC[C@H](C(=O)O)SS1,-1.1709,test,-1.538606209025436,0.36770620902543594
COC(=O)C(C)N(C(=O)Cc1ccccc1)c1c(C)cccc1C,-3.9442,test,-1.4677604122198349,-2.476439587780165
O=C(O)C1(O)CCCCC1,-0.3328,test,-0.5702236317146664,0.2374236317146664
NCCNCCNCCNCCNCCN,0.3327787326,test,0.47108194130510145,-0.13830320870510143
Cc1cc(O)c(C2CCCCC2)cc1C(C[C@H](C)c1cc(C2CCCCC2)c(O)cc1C)c1cc(C2CCCCC2)c(O)cc1C,-7.396502026799999,test,-4.090813496905559,-3.3056885298944394
NC(=O)N=C(N)N.NC(=O)N=C(N)N.O=S(=O)(O)O,-0.7814,test,-0.4785800066879914,-0.3028199933120086
O=C1c2ccccc2-c2ccc3c4ccc5c6c(ccc(c7ccc1c2c73)c64)C(=O)c1ccccc1-5,-5.5133127462,test,-6.380278027729134,0.8669652815291347
Cc1cc(Cl)c(Cl)c(Cl)c1Cc1ccccc1Cl,-7.24,test,-7.6072391923507965,0.3672391923507963
CC1CCc2cc(F)cc3c(=O)c(C(=O)O)cn1c23,-3.74,test,-3.014311305775292,-0.7256886942247083
O=C(Nc1ccccc1)Nc1ccnc(Cl)c1,-3.8028,test,-3.9301301248042755,0.12733012480427552
CN(C)C(=O)C(CCN1CCC(O)(c2ccc(Cl)cc2)CC1)(c1ccccc1)c1ccccc1.[Cl-].[H+],-4.6731215617,test,-2.9038576765031494,-1.769263885196851
CC1COC2CC3(C)C(CC4C5C=C6CC(O)CCC6(C)CC5CCC43C)OC2C1,-7.32,test,-4.609434468259931,-2.7105655317400696
O=C(O)CN1C(=O)NC(=O)C1Cc1ccccc1,-1.79,test,-1.881112153669969,0.09111215366996905
COc1ccc(/C=C2/N=C(c3ccc(C4=N/C(=C/c5ccc(OC)cc5)C(=O)O4)cc3)OC2=O)cc1,-6.9835711537,test,-4.5442071316217625,-2.4393640220782373
CC(C)CC(NC(=O)CC(O)C(CC(C)C)NC(=O)C(Cc1c[nH]cn1)NC(=O)C(Cc1ccccc1)NC(=O)OC(C)(C)C)C(=O)NCC(N)c1ccccn1,-3.4,test,-2.3686766147211307,-1.0313233852788692
CCCCCCCCCCNCC(O)CO,-3.11,test,-2.3925697853349126,-0.7174302146650873
Clc1ccc(C(c2ccccc2Cl)C(Cl)(Cl)Cl)cc1,-7.13,test,-6.012422506319401,-1.1175774936805993
CCCC(C)C(=O)O,-0.889,test,-0.39328570089138915,-0.49571429910861087
CC(=O)O[Hg]c1ccccc1,-1.8868,test,-1.3238589255053528,-0.5629410744946473
Oc1cc2ccccc2cc1O,-2.7377,test,-2.93704694930349,0.19934694930349028
FS(F)(F)(F)(F)F,-3.6731547352,test,-2.125184996602322,-1.5479697385976778
CCNC(=S)N1CCN(C(=O)OCC)CC1,-1.79,test,-1.5186142005033483,-0.27138579949665176
CC(C)CC(NC(=S)Nc1ccccc1)C(=O)NC1CCOC1O,-2.37,test,-4.68238958643526,2.31238958643526
O=C(CCCN1CCC(O)(c2ccc(Br)cc2)CC1)c1ccc(F)cc1,-3.6693,test,-3.554233071377694,-0.11506692862230583
O=C(NCN1CCCCC1)c1ccccc1,-2.15,test,-2.8540939958863105,0.7040939958863106
Cc1cc(=O)[nH]c(=S)[nH]1,-2.4259,test,-2.0635609562935944,-0.3623390437064056
N#Cc1ccc(C(F)(F)F)cc1[N+](=O)[O-],-2.4707735629,test,-3.804475214195734,1.3337016512957343
O=[Mo](=O)([O-])[O-].[Ca+2],-3.7036943449,test,-3.1634627643529116,-0.5402315805470885
OO,0.4683422926,test,-0.7159882454255949,1.1843305380255948
OCc1ccc(I)cc1,-2.7460000000000004,test,-1.677392408401016,-1.0686075915989843
O=C(O)COc1ccc(Cl)cc1Cl,-2.5139,test,-2.1804761590149266,-0.3334238409850734
O=C1/C(=N\Nc2ccc(N=Nc3ccc(S(=O)(=O)[O-])cc3)cc2)C(S(=O)(=O)[O-])=Cc2cc(Nc3nc(NCCO)nc(NCCO)n3)ccc21.[Na+].[Na+],-0.2836980196999999,test,-1.9265985455275991,1.6429005258275993
CCOP(=S)(OCC)OP(=S)(OCC)OCC,-4.0312,test,-3.3958057273632347,-0.6353942726367654
CCCCC(CC)C(=O)OOC(C)(C)CC,-4.116871778,test,-5.298274188782396,1.181402410782396
N#CC(C#N)=NNc1ccc(N=Nc2ccccc2)cc1,-4.92,test,-4.444303058175349,-0.4756969418246513
O=[N+]([O-])c1c(O)ccc2ccccc12,-2.9758,test,-3.761300871743549,0.7855008717435492
C=C(C)C(=O)OCCOC(=O)NCCC(C)CC(C)(C)CNC(=O)OCCOC(=O)C(=C)C,-4.619923834,test,-3.249222131795394,-1.3707017022046055
CCCCN,1.1359,test,-0.15348307872823097,1.289383078728231
COc1cc(C#N)c2c(c1OC)C(=O)OC2,-3.48,test,-3.080390127861307,-0.39960987213869315
O=[N+]([O-])OCCOCCO[N+](=O)[O-],-1.6904508209,test,-1.2617240597264194,-0.42872676117358055
